caseref;category;type;country;q;responsible;dead;expire_date;alt_ref;notes;parent_caseref;parent_country;container_caseref;container_country;title;title_official;abstract;description;client_name;client_ref;applicant1_name;applicant2_name;inventor1_name;inventor1_company;inventor2_name;inventor2_company;inventor3_name;inventor3_company;inventor4_name;inventor4_company;inventor5_name;inventor5_company;inventor6_name;inventor6_company;inventor7_name;inventor7_company;inventor8_name;inventor8_company;inventor9_name;inventor9_company;agent_name;agent_ref;filing_date;filing_number;priority_date;priority_country;priority_number;publication_date;publication_number;grant_date;grant_number;entry_date;examination_date;
;DSG;;US;;fz.ye;0;11/3/2040;;;CPT0306-D;;;;Antenna;;;;Computime Ltd;;;;CHEUNG TL;;WEI Qing Hu ;;;;;;;;;;;;;;;;Kasha Law LLC;CPT0306-D;26/9/2023;29/912.925;;;;;US-D1066309-S;11/3/2025;D1066309;;;
;DSG;;CN;;fz.ye;0;;;;CPT0306-CN;;;;4G LTE IoT Antenna;;;;;;;;TL Cheung ;;;;;;;;;;;;;;;;;;KASHA LAW LLC;CPT0306-CN;;;;;;;;;;;;
;DSG;;EP;;fz.ye;0;;;;CPT0306-EP;;;;4G LTE IoT Antenna;;;;;;;;TL Cheung ;;;;;;;;;;;;;;;;;;KASHA LAW LLC;CPT0306-EP;9/2/2024;015050232-0001;;;;;;;;;;
;DSG;;UK;;fz.ye;0;;;;CPT0306-UK;;;;4G LTE IoT Antenna;;;;;;;;TL Cheung ;;;;;;;;;;;;;;;;;;KASHA LAW LLC;CPT0306-UK;9/2/2024;6345944.0 ;;;;;;;;;;
77921808;;;US;;fz.ye;0;;;;;;;;A Local Computing Cloud that is Interactive with a Public Computing Cloud;;;A home computing cloud (HCC) supports one or more Internet of Things (IoT) devices, possibly with different connectively protocols, in a local environment. The HCC often reduces the amount of data traffic sent to a public computing cloud (PCC) by locally processing collected device data rather than by sending the device data to the PCC for processing. This approach reduces the amount of data traffic sent over the network, improves data privacy and helps to maintain a desired quality of service level. In order to do so, the HCC may download an appropriate data analytic model from the PCC, train the model, execute the trained model to obtain prediction information from collected IoT device data, and upload the trained model to the PCC. Alternatively, the HCC and PCC may execute sub-models of the analytic model and exchange the outputs of the sub-models with each other.;Computime Ltd;;;;CHOI Hung Bun;;PANG Tsang Gideon Sui ;;CHU Chun Kit;;;;;;;;;;;;;;Banner & Witcoff ;;6/4/2020;16/840648;;;;7/10/2021;US 20210311846 A1;23/5/2023;11656966;;;
PCT/US2021/025943;PAT;;CN;;fz.ye;0;;;;011398.00257\CN;;;;A Local Computing Cloud that is Interactive with a Public Computing Cloud;;;与公共计算云交互的本地计算云;金宝通有限公司;;;;蔡鸿彬;;吉迪恩·穂·庞曾;;朱俊杰;;;;;;;;;;;;;;北京安信方达知识产权代理有限公司;011398.00257\CN;17/4/2025;202510486058X;;;;;CN120342798A;;;;;
;;;EP;;fz.ye;1;;;;11398.00232\EP;;;;A Local Computing Cloud That Is Interactive With A Public Computing Cloud;;;A home computing system (cloud) integrates a protocols gateway, WiFi router, cloud server, and mass storage device to support one or more Internet of Things (IoT) devices, possibly with different connectively protocols, in a local environment such as a residential home. The home computing cloud often reduces the amount of data traffic sent to a public computing cloud by locally processing collected device data rather than by sending the device data to the public computer cloud for processing. The home computing cloud may download an appropriate data analytic model from the public computing cloud, locally train (for example, reinforcement learning) the model, and locally execute the trained model to obtain prediction information from collected IoT device data. The home computing cloud also allows direct access of the connected IoT devices by user applications via the internet, through a protocols gateway and an IoT message translator.;Computime Ltd;;;;CHOI Hung Bun;;PANG Tsang Gideon Sui ;;CHU Chun Kit;;;;;;;;;;;;;;"	Dehns";11398.00232\EP;6/4/2021;21785519.6;;;;15/2/2023;"	EP4133695";;;;;
11398.0021;PAT;;CN;;fz.ye;0;6/4/2041;;;011398.00231\CN;;;;A Local Computing Cloud that is Interactive with a Public Computing Cloud 与公共计算云交互的本地计算云;;;家庭计算云(HCC)可能在本地环境中使用不同的连接协议支持一个或多个物联网(IoT)设备。通常，该HCC通过在本地处理收集的设备数据而不是通过将该设备数据发送到公共计算云(PCC)以进行处理来减少发送到该PCC的数据流量的量。这种方法减少了通过网络发送的数据流量的量，改进了数据隐私并且有助于维持期望的服务质量水平。为了这样做，该HCC可从该PCC下载适当的数据分析模型，训练该模型，执行经训练的模型以从收集的IoT设备数据获得预测信息，并将该经训练的模型上传到该PCC。替代地，该HCC和该PCC可执行该分析模型的子模型并相互交换这些子模型的输出。;金宝通电子（深圳）有限公司;;;;蔡鸿彬;;吉迪恩·穂·庞曾;;朱俊杰;;;;;;;;;;;;;;深圳市惠邦知识产权代理事务所;011398.00231\CN;6/4/2021;2021800357801;;;;31/1/2023;CN115668868A;2/5/2025;2021800357801 ;;;
91586111;PAT;;US;;fz.ye;0;;;;CPT0004-US;;;;A Modular Electric Vehicle Charger Housing System;;;An EV charger includes a modular housing system that includes a first housing and a second housing. The first housing is adapted to enclose electrical circuitry that connects power source inputs from a power source input cable to EV charging outputs of an EV charging output cable. The first housing includes a first port and a second port. The first housing receives the input cable through the first port and sends the output cable through the second port. The second housing includes multiple ports. The second housing receives the output cable through one of its ports. The second housing further includes an EV charging socket or a tethered EV charger connector for charging an EV. In one embodiment, the second housing can be separated from the first housing using a conduit. In another embodiment, the second housing can be directly connected to the first housing.;;;;;SHUM Wai Yin;;HO Michael;;;;;;;;;;;;;;;;KASHA LAW LLC;CPT0004-US;24/1/2024;18/421047;;;;19/12/2024;20240416771;;;;;
011398.00131;;;EP;;fz.ye;1;;;;11398.00155\EU;;;;A Scalable Smart Environment Using a Gateway Thermostat;;;Building blocks for a smart device such as a thermostat include a user interface (UI) unit (101) and a terminal (TML) unit (102). A UI unit may support one or more input data from a user and/or sensors and/or one or more control terminals. The UI unit may process each input datum or a combination of the input data, generate a control signal to one or more control terminals based on the processing, and send the control signal to one or more control terminals over a communication channel (151). A terminal unit, which may consist of one or more control terminals, transforms the received control signal into one or more controls to one or more associated environmental generators. One or more UI units may control one or more controlled apparatuses in conjunction with a mobile app to allow a unified user experience.;Computime Ltd;;;;CHOI Hung Bun;;HA Wai-Leung;;CHAN Leung Yin;;NG Yau Wai;;LIU Chi Chung;;LIU Luke;;LEE Tsz Kin;;CHAN Chi Lung;;YILMAZ Hamza;;"	Dehns";11398.00155\EU;6/11/2018;18204650.8;;;;8/5/2019;EP3480668;;;;;
011398.00131;;DIV;EP;;fz.ye;1;;;;011398.00187\EP;;;;A Scalable Smart Environment Using a Gateway Thermostat;;;Building blocks for a smart device such as a thermostat include a user interface (UI) unit (101) and a terminal (TML) unit (102). A UI unit may support one or more input data from a user and/or sensors and/or one or more control terminals. The UI unit may process each input datum or a combination of the input data, generate a control signal to one or more control terminals based on the processing, and send the control signal to one or more control terminals over a communication channel (151). A terminal unit, which may consist of one or more control terminals, transforms the received control signal into one or more controls to one or more associated environmental generators. One or more UI units may control one or more controlled apparatuses in conjunction with a mobile app to allow a unified user experience;Computime Ltd;;;;CHOI Hung Bun;;HA Wai-Leung;;CHAN Leung Yin;;NG Yau Wai;;LIU Chi Chung;;LI Luke;;LEE Tsz Kin;;CHAN Chi Lung;;YILMAZ Hamza;;Banner & Witcoff ;011398.00187\EP;22/5/2020;20176150.9;;;;28/10/2020;EP3731041;;;;;
011398.00131;;;HK;;fz.ye;0;;;;011398.00192\HK;;;;A Scalable Smart Environment Using a Gateway Thermostat;;;;Computime Ltd;;;;CHOI Hung Bun;;HA Wai-Leung;;CHAN Leung Yin;;NG Yau Wai;;LIU Chi Chung;;LIU Luke;;LEE Tsz Kin;;CHAN Chi Lung;;YILMAZ Hamza;;CHINAHONGKONG IP LIMITED;011398.00192\HK;10/11/2020;42020019787.9;;;;5/3/2021;HK40030572;;;;;
011398.00131;;;HK;;fz.ye;0;;;;011398.00190\HK;;;;A Scalable Smart Environment Using a Gateway Thermostat;;;;Computime Ltd;;;;CHOI Hung Bun;;HA Wai-Leung;;CHAN Leung Yin;;NG Yau Wai;;LIU Chi Chung;;LIU Luke;;LEE Tsz Kin;;CHAN Chi Lung;;YILMAZ Hamza;;CHINAHONGKONG IP LIMITED;011398.00190\HK;12/11/2020;42020019977.6;;;;19/2/2021;HK40029427;;;;;
011398.00131;;DIV;EP;;fz.ye;1;;;;011398.00189\EP;;;;A Scalable Smart Environment Using a Gateway Thermostat;;;Building blocks for a smart device such as a thermostat include a user interface (UI) unit (101) and a terminal (TML) unit (102). A UI unit may support one or more input data from a user and/or sensors and/or one or more control terminals. The UI unit may process each input datum or a combination of the input data, generate a control signal to one or more control terminals based on the processing, and send the control signal to one or more control terminals over a communication channel (151). A terminal unit, which may consist of one or more control terminals, transforms the received control signal into one or more controls to one or more associated environmental generators. One or more UI units may control one or more controlled apparatuses in conjunction with a mobile app to allow a unified user experience.;Computime Ltd;;;;CHOI Hung Bun;;HA Wai-Leung;;CHAN Leung Yin;;NG Yau Wai;;LIU Chi Chung;;LI Luke;;LEE Tsz Kin;;CHAN Chi Lung;;YILMAZ Hamza;;;011398.00189\EP;22/5/2020;20176120.2;;;;28/10/2020;EP3731040;;;;;
;;;EP;;fz.ye;1;;;;;;;;A Scalable Smart Environment Using A Gateway Thermostat;;;Building blocks for a smart device such as a thermostat include a user interface (UI) unit (101) and a terminal (TML) unit (102). A UI unit may support one or more input data from a user and/or sensors and/or one or more control terminals. The UI unit may process each input datum or a combination of the input data, generate a control signal to one or more control terminals based on the processing, and send the control signal to one or more control terminals over a communication channel (151). A terminal unit, which may consist of one or more control terminals, transforms the received control signal into one or more controls to one or more associated environmental generators. One or more UI units may control one or more controlled apparatuses in conjunction with a mobile app to allow a unified user experience.;Computime Ltd;;;;CHOI Hung Bun;;HA Wai-Leung;;CHAN Leung Yin;;NG Yau Wai;;LIU Chi Chung;;LI Luke;;LEE Tsz Kin;;CHAN Chi Lung;;YILMAZ Hamza;;Dehns;;6/11/2018;20176106 ;;;;21/10/2020;EP3726310;;;;;
011398.00107;;;US;;fz.ye;0;23/1/2036;;;011398.00108\US;;;;Adjustable Building Entry Sensor;;;An entry sensor, which supports either wireless or wired operation, facilitates installation and is adjustable for gaps between a building entry barrier such as a door or window and the surrounding frame. The sensor, which may be implemented as a single piece design, includes an adjustment mechanism that enables an installer to vary the extension of the sensor to match the actual gap so that the sensor properly secures the building entry when closed. The sensor includes a detector that determines the state of a switch that is responsive to the movement of a plunger mechanism, where the state is indicative whether the building entry barrier is opened or closed, and that may determine whether the sensor is tampered with. The sensor also may facilitate battery replacement that protects the associated circuitry during the replacement.;Salus Controls, Inc.;;;;PAI Samuel Hong-Yen;;HA Wai-Leung;;OWYANG Shen;;CHAN Dick Wai ;;SHUM Wai Yin;;KAM Kwok Wa Kenny;;FENG Guang Quan;;FENG Guang Quan;;;;Banner & Witcoff ;011398.00108\US;30/12/2015;14/984222;;;;7/7/2016;US-2016-0196729-A1;12/9/2017;9761098;;;
011398.00107;;;EP;;fz.ye;0;4/1/2036;;;011398.00109\EP;;;;Adjustable Door Sensor;;;An entry sensor, which supports either wireless or wired operation, facilitates installation and is adjustable for gaps between a building entry barrier such as a door or window and the surrounding frame. The sensor, which may be implemented as a single piece design, includes an adjustment mechanism that enables an installer to vary the extension of the sensor to match the actual gap so that the sensor properly secures the building entry when closed. The sensor includes a detector that determines the state of a switch that is responsive to the movement of a plunger mechanism, where the state is indicative whether the building entry barrier is opened or closed, and that may determine whether the sensor is tampered with. The sensor also may facilitate battery replacement that protects the associated circuitry during the replacement;Salus North America, Inc.;;;;CHAN Dick Kwai ;;FENG Guang Quan;;HA Wai-Leung;;KAM Kwok Wa Kenny;;OWYANG Shen;;PAI Samuel Hong-Yen;;SHUM Wai Yin;;;;;;Banner & Witcoff ;011398.00109\EP;4/1/2016;16150066.5;;;;6/7/2016;EP3041017;13/3/2019;EP3041017B1;;;
011398.00107;;;US;;fz.ye;0;30/12/2035;;;011398.00126\US;;;;Adjustable Door Sensor;;;An entry sensor, which supports either wireless or wired operation, facilitates installation and is adjustable for gaps between a building entry barrier such as a door or window and the surrounding frame. The sensor, which may be implemented as a single piece design, includes an adjustment mechanism that enables an installer to vary the extension of the sensor to match the actual gap so that the sensor properly secures the building entry when closed. The sensor includes a detector that determines the state of a switch that is responsive to the movement of a plunger mechanism, where the state is indicative whether the building entry barrier is opened or closed, and that may determine whether the sensor is tampered with. The sensor also may facilitate battery replacement that protects the associated circuitry during the replacement.;Salus North America, Inc.;;;;PAI Samuel Hong-Yen;;HA Wai-Leung;;OWYANG Shen;;CHAN Dick Kwai ;;SHUM Wai Yin;;KAM Kwok Wa Kenny;;FENG Guang Quan;;FENG Guang Quan;;;;Banner & Witcoff ;011398.00126\US;7/9/2017;15/697694;;;;21/12/2017;US-2017-0365142-A1;1/5/2018;9959719;;;
011398.00037;;;UK;;fz.ye;0;26/9/2028;;;011398.00083\GB;;;;Adjustable Feature Access for a Controlled System;;;The present invention provides apparatuses and methods for restricting access to a control unit in an environmental system based on a lock level. The control unit (e.g., a thermostat) is configured with a selected lock level, where each lock level is mapped to an associated set of features. A user 5 is able to access any of the features from the associated set of features without entering a security sequence. Also, a feature parameter may be restricted in accordance with the activated lock level. The control unit may be reconfigured with a different lock level by an administrator only when a security sequence is entered. Also, features may be mapped by an administrator to a set of features when the control unit is operating in the locked state. When the control unit is operating 10 in the unlocked state, all supported features can be accessed by a user.;Computime Ltd;;;;CHENG Chung Ming ;;CHAN Ho Sin Vincent ;;;;;;;;;;;;;;;;Banner & Witcoff ;011398.00083\GB;10/3/2010;GB1003959.2;;;;9/6/2010;"	GB2465908";1/8/2012;GB2465908;;;
011398.00037;;;US;;fz.ye;0;13/4/2032;;;011398.00037\US;;;;Adjustable Feature Access for a Controlled System;;;The present invention provides apparatuses and methods for restricting access to a control unit in an environmental system based on a lock level. The control unit (e.g., a thermostat) is configured with a selected lock level, where each lock level is mapped to an associated set of features. A user is able to access any of the features from the associated set of features without entering a security sequence. Also, a feature parameter may be restricted in accordance with the activated lock level. The control unit may be reconfigured with a different lock level by an administrator only when a security sequence is entered. Also, features may be mapped by an administrator to a set of features when the control unit is operating in the locked state. When the control unit is operating in the unlocked state, all supported features can be accessed by a user.;Computime Ltd;;;;CHENG Chung Ming ;;CHAN Ho Sin Vincent ;;;;;;;;;;;;;;;;Banner & Witcoff ;011398.00037\US;2/10/2007;11/865938;;;;2/4/2009;US-2009-0089886-A1;15/4/2014;8701210;;;
011398.00038;;;US;;fz.ye;0;5/7/2028;;;011398.00038\US;;;;Adjusting a communications channel between control unit and remote sensor;;;The present invention provides apparatuses and systems for adjusting a communication channel between a control unit and a remote sensor. A system may include a control unit that controls an environmental unit and a remote sensor that provides data about an environmental factor as measured at the remote sensor. The remote sensor transmits a radio frequency (RF) signal that conveys the data to control unit through a directional antenna. The RF signal is received by the control unit through an omnidirectional antenna, and a signal strength parameter is determined from the received RF signal. A signal strength indication unit provides an indication from the signal strength parameter as a user adjusts the position of the directional antenna. With embodiments of the invention, a signal strength module generates an audio signal in accordance with an audio characteristic, which is indicative of the signal strength of the received RF signal.;Computime Ltd;;;;CHENG Chung Ming ;;CHAN Ho Sin Vincent ;;;;;;;;;;;;;;;;Banner & Witcoff ;011398.00038\US;24/9/2007;11/860154;;;;26/3/2009;US-2009-0079577-A1;27/7/2010;7764171 B2;;;
;;;WO;;fz.ye;1;23/9/2028;;;;;;;Adjusting a Communications Channel Between Control Unit and Remote Sensor;;;The present invention provides apparatuses and systems for adjusting a communication channel between a control unit and a remote sensor. A system may include a control unit that controls an environmental unit and a remote sensor that provides data about an environmental factor as measured at the remote sensor. The remote sensor transmits a radio frequency (RF) signal that conveys the data to control unit through a directional antenna. The RF signal is received by the control unit through an omnidirectional antenna, and a signal strength parameter is determined from the received RF signal. A signal strength indication unit provides an indication from the signal strength parameter as a user adjusts the position of the directional antenna. With embodiments of the invention, a signal strength module generates an audio signal in accordance with an audio characteristic, which is indicative of the signal strength of the received RF signal.;Computime Ltd;;;;CHENG Chung Ming ;;CHAN Ho Sin Vincent ;;;;;;;;;;;;;;;;;;23/9/2008;PCT/CN2008/072458;;;;2/4/2009;WO2009039790A1;;;;;
011398.00038;;;UK;;fz.ye;1;23/9/2028;;;011398.00081\GB;;;;Adjusting a Communications Channel Between Control Unit and Remote Sensor;;;The present invention provides apparatuses and systems for adjusting a communication channel between a control unit and a remote sensor. A system may include a control unit that controls an environmental unit and a remote sensor that provides data about an environmental factor as measured at the remote sensor. The remote sensor transmits a radio frequency (RF) signal that conveys the data to control unit through a directional antenna. The RF signal is received by the control unit through an omnidirectional antenna, and a signal strength parameter is determined from the received RF signal. A signal strength indication unit provides an indication from the signal strength parameter as a user adjusts the position of the directional antenna. With embodiments of the invention, a signal strength module generates an audio signal in accordance with an audio characteristic, which is indicative of the signal strength of the received RF signal.;Computime Ltd;;;;CHENG Chung Ming ;;CHAN Ho Sin Vincent ;;;;;;;;;;;;;;;;;011398.00081\GB;23/9/2008;"	GB1003958.4";;;;29/8/2012;GB2465129;;GB2465129;;;
;;;US;;fz.ye;1;14/8/2020;;;;;;;Alarm Clock with Remote Control Function;;;"Apparatus providing an alarm clock remote control system and a remote control system with an alarm clock system with alarm clock circuitry that includes: a microprocessor, coupled to the alarm clock activation circuitry, remote IR diode driving circuitry, an internal buzzer, an alarm, a display, and input and output ports, for providing central control; the display, coupled to the microprocessor, for displaying current time and alarm time; a speaker, coupled to the microprocessor, the AM/FM radio unit, the internal buzzer, and the alarm, for outputting selected audio; an AM/FM radio tuner, and clock setup circuitry, alarm setup and activation circuitry coupled to the microprocessor for setting the clock, setting the alarm, and activating at least one remote device; and a programmable universal infrared remote device control, coupled to the alarm clock circuitry, for remote programming a remote device, and having activation circuitry for activating the remote device.";Computime Ltd;;;;AUYANG Bernard;;HA Wai-Leung;;;;;;;;;;;;;;;;;;14/8/2000;09/638,336;;;;30/3/2004;US6714136B1;30/3/2004;6714136 ;;;
CT-HKEIL-2026001;;;HK;;fz.ye;0;;;;;;;;An Environmental Control System And Method;;;An environmental control system and method;Computime Ltd;;;;HA WL ;;LI Mu;;;;;;;;;;;;;;;;Evolution IP Limited;P.HK.ST.01.000398;5/2/2026;32026118783.7 ;;;;;;;;;;
;;PRO;US;;fz.ye;0;;;;CPT0002-PRO;;;;An Improvement to Random Pattern Mowing;;;;Computime Ltd;;;;;;;;;;;;;;;;;;;;;;Kasha Law LLC;CPT0002-PRO;3/2/2023;63/483,018;;;;8/8/2024;20240264609;;;;;
92119482;PAT;;US;;fz.ye;0;;;;CPT0002-US;;;;An Improvement to Random Pattern Mowing;;;A lawnmower is instructed to move from a reference point along the boundary wire and to follow the boundary wire along a boundary path back to the reference point, using data from at least one wire sensor of the lawnmower. One or more elements are determined along the boundary path using distance data from at least one distance sensor of the lawnmower and using angular velocity data from at least one direction sensor of the lawnmower. The one or more elements are identified as one of at least three different types of elements. The mowing area is calculated from the identified types of the one or more elements and the distance data and angular velocity data received for the one or more elements. Other important features are obtained from the calculation of the mowing area including, but not limited to, multiple starting points and a parallel mowing pattern.;Computime Ltd;;;;CHENG Chung Ming ;;CHAN Chi Lung;;;;;;;;;;;;;;;;Kasha Law LLC;CPT0002-US;3/2/2024;18/432805;;;;8/8/2024;US 2024/0264609 A1;10/2/2026;12547188;;;
011398.00015;PAT;;EP;;fz.ye;0;27/6/2028;;;011398.00078\EP;;;;Apparatus For Recording And Conveying Energy Consumption And Power Information;;;Aspects of the invention provide apparatuses, methods, and systems that support measuring and conveying energy consumption by an electrical device. An apparatus includes an energy sensor that measures an incremental energy value consumed by an electrical device. Apparatus obtains the incremental energy value, accumulates an energy usage measurement in accordance with the incremental energy value, provides requested information about energy consumption of the electrical device in response to a request from a network controller, and adjusts the energy usage measurement in accordance with the requested information. The total energy consumption may be partitioned into at least one energy component, in which the at least one energy component corresponds to the energy consumption of the electrical device during an associated time interval. A network controller may use the energy consumption information to determine a new set temperature for a thermostat unit that instructs the device control logic.Aspects of the invention provide apparatuses, methods, and systems that support measuring and conveying energy consumption by an electrical device. An apparatus includes an energy sensor that measures an incremental energy value consumed by an electrical device. Apparatus obtains the incremental energy value, accumulates an energy usage measurement in accordance with the incremental energy value, provides requested information about energy consumption of the electrical device in response to a request from a network controller, and adjusts the energy usage measurement in accordance with the requested information. The total energy consumption may be partitioned into at least one energy component, in which the at least one energy component corresponds to the energy consumption of the electrical device during an associated time interval. A network controller may use the energy consumption information to determine a new set temperature for a thermostat unit that instructs the device control logic.;Computime Ltd;;;;HA Wai-Leung;;LEI Kairy Kai;;;;;;;;;;;;;;;;Banner & Witcoff ;011398.00078\EP;20/1/2010;08772996.8;;;;17/3/2010;EP2162870;29/11/2017;EP2162870B1;;;
38016763;;;US;;fz.ye;0;18/1/2026;;;011398.00012\US;;;;Apparatus For Temperature Control Using a Cycle Rate Algorithm;;;The present invention controls a room temperature by controlling an environmental control unit. A total span about a setpoint temperature is adjusted in accordance with a previous total span and a multiplicative factor. The multiplicative factor is periodically updated from a desired cycle time and a previous cycle time. The room temperature may also be controlled by adjusting a duty cycle for controlling an environmental control unit. The duty cycle is adjusted based on an error associated with a previous control cycle and an attenuation factor. A new control cycle may be started by cutting the previous control cycle or a current control cycle may be extended if a predetermined condition is detected. The control mode is selected based on environmental characteristics and room characteristics. The control mode may include a span control mode and a duty cycle control mode that is selected from the cycle rate.;Computime Ltd;;;;CHENG Chung Ming ;;;;;;;;;;;;;;;;;;;011398.00012\US;18/1/2006;11/334259;;;;19/7/2007;US 20070168084 A1;15/7/2008;7400942;;;
011398.00113;PAT;;AU;;fz.ye;0;2/5/2037;;;011398.00123\AU;;;;Automatic Balance Valve Control;;;AUTOMATIC BALANCE VALVE CONTROL Abstract A self-adjusting balance valve controller controls water flow through a hydronic emitter in a heating and/or cooling temperature control system. The valve controller obtains a measured temperature differential between an inlet and an outlet of the hydronic emitter and determines a displacement of a coupling pin from the measured temperature differential. The valve controller then instructs a driving mechanism to move, through a coupling mechanism, the coupling pin to adjust a valve that results in a desired water flow through the hydronic emitter. The valve controller may maintain a stable temperature differential at a desired differential value, which may be obtained through a user interface or from a memory device. Moreover, the desired differential value may vary with different times of operation or temperature control situations. (photo seor) (logic PCBA) (motor) powerPCBA) (gear ax) (helical gear) -1 Moea (coupling pin) :09 (temperature sensor) 310(valve shaft) 311 (valve head) (water) (water exit) 301(valve) (valve completely opened) Figure 3A;Computime Ltd;;;;SMITH Philip John;;HA Wai-Leung;;JEPSON Dean Richard;;CHENG Chung Ming ;;KAM Kwok Wa Kenny;;HUANG Hao Hui;;CHAN Dick Kwai ;;LIAO Hong Bin;;;;Davies Collison Cave Pty Ltd;011398.00123\AU;2/5/2017;2017202924;;;;;;22/11/2018;2017202924;;;
59276535;PAT;;US;;fz.ye;0;31/12/2027;;;011398.00114\US;;;;Automatic Balance Valve Control;;;A self-adjusting balance valve controller controls water flow through a hydronic emitter in a heating and/or cooling temperature control system. The valve controller obtains a measured temperature differential between an inlet and an outlet of the hydronic emitter and determines a displacement of a coupling pin from the measured temperature differential. The valve controller then instructs a driving mechanism to move, through a coupling mechanism, the coupling pin to adjust a valve that results in a desired water flow through the hydronic emitter. The valve controller may maintain a stable temperature differential at a desired differential value, which may be obtained through a user interface or from a memory device. Moreover, the desired differential value may vary with different times of operation or temperature control situations.;Computime Ltd;;;;SMITH Philip John;;HA Wai-Leung;;JEPSON Dean Richard;;CHENG Chung Ming ;;KAM Kwok Wa Kenny;;HUANG Hao Hui;;CHAN Dick Kwai ;;LIAO Hong Bin;;;;Banner & Witcoff ;011398.00114\US;7/4/2017;15/481923;;;;1/2/2018;US 20180031251 A1;30/6/2020;10697650;;;
011398.00113;;;EP;;fz.ye;0;29/6/2037;;;011398.00122\EP;;;;Automatic Balance Valve Control;;;A self-adjusting balance valve controller (401) controls water flow through a hydronic emitter (101) in a heating and/or cooling temperature control system. The valve controller (401) obtains a measured temperature differential between an inlet (102) and an outlet (103) of the hydronic emitter and determines a displacement of a coupling pin (303) from the measured temperature differential. The valve controller (401) then instructs a driving mechanism (304) to move, through a coupling mechanism (306), the coupling pin (303) to adjust a valve (106) that results in a desired water flow through the hydronic emitter (101). The valve controller (401) may maintain a stable temperature differential at a desired differential value, which may be obtained through a user interface (404) or from a memory device (405). Moreover, the desired differential value may vary with different times of operation or temperature control situations;Computime Ltd;;;;SMITH Philip John;;HA Wai-Leung;;JEPSON Dean Richard;;CHENG Chung Ming ;;KAM Kwok Wa Kenny;;HUANG Hao Hui;;CHAN Dick Kwai ;;LIAO Hong Bin;;;;Banner & Witcoff ;011398.00122\EP;29/6/2017;17178748.4;;;;31/1/2018;EP3276267;7/4/2021;EP3276267B1;;;
;;;WO;;fz.ye;1;20/2/2029;;;;;;;Automatic Display Unit Activation;;;The present invention provides apparatuses and methods for contro lling the brightness of a display unit based on detected mov ement of an external object such as a user. An apparatus includes a display, e.g., a color liquid crystal display (LCD) or organic light emitting diode 5 (OLED). A pro ximity circuit ge nerates a transmitted si gnal and a received signal. The received signal results from the transmitted signal being reflected by an external object. A control unit processes the rec eived signal to de termine a degree of motion of the external object. When the degree of motion is greater than a first predetermined threshold but not greater than a second predeter mined threshold, the dis play is acti vated and operating at partial int ensity. When the 10 degree of motion is greater than the second predete rmined threshold, the dis play is acti vated at full intensity. The degree of motion may be dete rmined from the variation of the received signal.;Computime Ltd;;;;CHENG Chung Ming ;;HO Sin Vincent Chan;;;;;;;;;;;;;;;;;;20/2/2009;PCT/CN2009/070483;;;;27/8/2009;WO2009103238A1;;;;;
011398.00035;;;DE;;fz.ye;0;20/2/2029;;;011398.00089\DE;;;;Automatic Display Unit Activation;Anzeigeeinheit mit automatischer Aktivierung;;The present invention provides apparatuses and methods for controlling the brightness of a display unit based on detected movement of an external object such as a user. An apparatus includes a display, e.g., a color liquid crystal display (LCD) or organic light emitting diode (OLED). A proximity circuit generates a transmitted signal and a received signal. The received signal results from the transmitted signal being reflected by an external object. A control unit processes the received signal to determine a degree of motion of the external object. When the degree of motion is greater than a first predetermined threshold but not greater than a second predetermined threshold, the display is activated and operating at partial intensity. When the degree of motion is greater than the second predetermined threshold, the display is activated at full intensity. The degree of motion may be determined from the variation of the received signal;Computime Ltd;;;;CHENG Chung Ming ;;CHAN Ho Sin Vincent ;;;;;;;;;;;;;;;;Banner & Witcoff ;011398.00089\DE;20/8/2010;11 2009 000 405.9;;;;;DE112009000405T5;16/7/2014;DE112009000405B4;;;
011398.00035;;;UK;;fz.ye;0;20/2/2029;;;011398.00090\GB;;;;Automatic Display Unit Activation;;;The present invention provides apparatuses and methods for controlling the brightness of a display unit based on detected movement of an external object such as a user. An apparatus includes a display, e.g., a color liquid crystal display (LCD) or organic light emitting diode 5 (OLED). A proximity circuit generates a transmitted signal and a received signal. The received signal results from the transmitted signal being reflected by an external object. A control unit processes the received signal to determine a degree of motion of the external object. When the degree of motion is greater than a first predetermined threshold but not greater than a second predetermined threshold, the display is activated and operating at partial intensity. When the 10 degree of motion is greater than the second predetermined threshold, the display is activated at full intensity. The degree of motion may be determined from the variation of the received signal.;Computime Ltd;;;;CHENG Chung Ming ;;CHAN Ho Sin Vincent ;;;;;;;;;;;;;;;;Banner & Witcoff ;011398.00090\GB;25/8/2010;GB1014141.4;;;;3/11/2010;GB2469972;25/4/2012;GB2469972;;;
40954675;;;US;;fz.ye;0;10/5/2030;;;011398.00035\US;;;;Automatic Display Unit Activation;;;The present invention provides apparatuses and methods for controlling the brightness of a display unit based on detected movement of an external object such as a user. An apparatus includes a display, e.g., a color liquid crystal display (LCD) or organic light emitting diode (OLED). A proximity circuit generates a transmitted signal and a received signal. The received signal results from the transmitted signal being reflected by an external object. A control unit processes the received signal to determine a degree of motion of the external object. When the degree of motion is greater than a first predetermined threshold but not greater than a second predetermined threshold, the display is activated and operating at partial intensity. When the degree of motion is greater than the second predetermined threshold, the display is activated at full intensity. The degree of motion may be determined from the variation of the received signal.;Computime Ltd;;;;CHENG Chung Ming ;;CHAN Ho Sin Vincent ;;;;;;;;;;;;;;;;Banner & Witcoff ;011398.00035\US;20/2/2008;12/034391;;;;20/8/2009;US-2009-0207122-A1;8/5/2012;8174483;;;
"011398.00150\US
011398.00207\CN";PAT;;CN;;fz.ye;0;8/10/2026;;;011398.00256\CN;;;;"Biometric Data 
Capturing and Analysis 生物测定数据捕获和分析";;;本申请公开了生物测定数据捕获和分析。可以从热传感器信号评估人的健康状况。通过增加热感摄像机的性能指标（例如，分辨率、帧速率、灵敏度），操作可以扩展到身份验证、生物测定数据提取和健康状况分析等。可以通过监测热图像的时间序列来执行预测，并且因此可以提供健康状况的预警。设备可以用于但不限于通过监督和强化学习对智能家居装置进行个性化。所述设备的应用可以是但不限于智能家居、智能建筑和智能车辆等。;金宝通电子（深圳）有限公司;;;;蔡鸿彬;;朱俊杰;;吴有慧;;陈良贤;;;;;;;;;;;;深圳市惠邦知识产权代理事务所;011398.00256\CN;5/9/2019;201980059733.30;;;;;CN112740221B;27/12/2024;2019800597333 ;;;
68000078;;;US;;fz.ye;0;4/9/2039;;;011398.00142\US;;;;Biometric Data Capturing and Analysis;;;A health condition of a person may be assessed from a thermal sensor signal. By increasing performance indices of a thermal camera (for example, resolution, frame rate, sensitivity), operation may be extended to identification verification, biometric data extraction and health condition analysis, and so forth. Prediction may be carried out by monitoring a time sequence of thermal images, and consequently early warning of the health condition may be provided. The apparatus may be used for, but not limited to, personalization of smart home devices through supervised and reinforcement learnings. The application of the apparatus may be, but not limited to, smart homes, smart buildings and smart vehicles, and so forth.;Computime Ltd;;;;CHOI Hung Bun;;CHU Chun Kit;;NG Yau Wai;;CHAN Leung Yin;;;;;;;;;;;;Banner & Witcoff ;011398.00142\US;4/9/2019;16/559814;;;;12/3/2020;US-2020-0082189-A1;9/3/2021;10943137;;;
68000078;;DIV;US;;fz.ye;0;22/8/2034;;;011398.00205\US;;;;Biometric Data Capturing and Analysis;;;A health condition of a person may be assessed from a thermal sensor signal. By increasing performance indices of a thermal camera (for example, resolution, frame rate, sensitivity), operation may be extended to identification verification, biometric data extraction and health condition analysis, and so forth. Prediction may be carried out by monitoring a time sequence of thermal images, and consequently early warning of the health condition may be provided. The apparatus may be used for, but not limited to, personalization of smart home devices through supervised and reinforcement learnings. The application of the apparatus may be, but not limited to, smart homes, smart buildings and smart vehicles, and so forth.;Computime Ltd;;;;CHOI Hung Bun;;CHU Chun Kit;;NG Yau Wai;;CHAN Leung Yin;;;;;;;;;;;;Banner & Witcoff ;011398.00205\US;3/2/2021;17/166722;;;;27/5/2021;US 20210158065 A1;22/8/2023;11734405;;;
011398.00150;;;EP;;fz.ye;0;;;;011398.00208\EP;;;;Biometric Data Capturing and Analysis;;;A health condition of a person may be assessed from a thermal sensor signal. By increasing performance indices of a thermal camera (for example, resolution, frame rate, sensitivity), operation may be extended to identification verification, biometric data extraction and health condition analysis, and so forth. Prediction may be carried out by monitoring a time sequence of thermal images, and consequently early warning of the health condition may be provided. The apparatus may be used for, but not limited to, personalization of smart home devices through supervised and reinforcement learnings. The application of the apparatus may be, but not limited to, smart homes, smart buildings and smart vehicles, and so forth.;Computime Ltd;;;;Choi Hung Bun ;;Chu Chun Kit ;;Ng Yau Wai;;Chan Leung Yin;;;;;;;;;;;;Dehns;011398.00208\EP;9/4/2021;19773235.7;;;;21/7/2021;EP3850535;;;;;
011398.00150;;;HK;;fz.ye;0;;;;011398.00221\HK;;;;Biometric Data Capturing and Analysis;;;;Computime Ltd;;;;CHOI Hung Bun ;;CHU Chun Kit ;;NG Yau Wai;;CHAN Leung Yin;;;;;;;;;;;;DEACONS;;11/11/2021;62021042296.5;;;;14/1/2022;HK40052152;;;;;
;;;WO;;fz.ye;1;;;;11398.00169;;;;Biometric Data Capturing and Analysis;;;A health condition of a person may be assessed from a thermal sensor signal. By increasing performance indices of a thermal camera (for example, resolution, frame rate, sensitivity), operation may be extended to identification verification, biometric data extraction and health condition analysis, and so forth. Prediction may be carried out by monitoring a time sequence of thermal images, and consequently early warning of the health condition may be provided. The apparatus may be used for, but not limited to, personalization of smart home devices through supervised and reinforcement learnings. The application of the apparatus may be, but not limited to, smart homes, smart buildings and smart vehicles, and so forth.;Computime Ltd;;;;CHOI Hung Bun;;CHU Chun Kit;;NG Yau Wai;;CHAN Leung Yin;;;;;;;;;;;;Banner & Witcoff ;11398.00169;5/9/2019;PCT/US2019/049666;;;;19/3/2020;WO2020055652;;;;;
011398.00150;PAT;;US;;fz.ye;0;24/9/2039;;;011398.00167\US;;;;Biometric Data Capturing and Analysis Using a Hybrid Sensing System;;;Apparatuses and methods detect a health condition of a user that may be assessed from a thermal sensor signal and/or radar sensor signal. One or more resultant biometric vectors may be generated from biometric vectors based on the thermal and radar signals, where the resultant biometric vectors contain resultant information about one or more biometric features for a user. Hazard information about the user is obtained from the one or more resultant biometric vectors, where the hazard information is indicative of a health event for the user. Consequently, an appropriate action on behalf of the user may be performed to ameliorate the health condition. The one or more resultant biometric vectors may include additional biometric features and/or a time sequence of the resultant biometric vectors to enhance hazard prediction. Moreover, the apparatuses and methods may support the user in different settings including a home, business, or vehicle.;Computime Ltd;;;;CHOI Hung Bun;;CHU Chun Kit;;HA Wai-Leung;;CHAN Leung Yin;;;;;;;;;;;;Banner & Witcoff ;011398.00167\US;21/2/2020;16/797071;;;;18/6/2020;US-2020-0194127-A1;9/11/2021;11170899;;;
011398.00150;PAT;;EP;;fz.ye;0;;;;011398.00227\EP;;;;Biometric Data Capturing and Analysis Using a Hybrid Sensing System;;;Apparatuses and methods detect a health condition of a user that may be assessed from a thermal sensor signal and/or radar sensor signal. One or more resultant biometric vectors may be generated from biometric vectors based on the thermal and radar signals, where the resultant biometric vectors contain resultant information about one or more biometric features for a user. Hazard information about the user is obtained from the one or more resultant biometric vectors, where the hazard information is indicative of a health event for the user. Consequently, an appropriate action on behalf of the user may be performed to ameliorate the health condition. The one or more resultant biometric vectors may include additional biometric features and/or a time sequence of the resultant biometric vectors to enhance hazard prediction. Moreover, the apparatuses and methods may support the user in different settings including a home, business, or vehicle.;Computime Ltd;;;;CHOI Hung Bun;;CHU Chun Kit;;HA Wai-Leung;;CHAN Leung Yin;;;;;;;;;;;;"	Dehns";011398.00227\EP;29/3/2022;20775122.3;;;;13/7/2022;EP4026046;12/2/2025;EP4026046A1;;;
11398.00167;;;WO;;fz.ye;1;;;;011398.00197\WO;;;;Biometric Data Capturing and Analysis Using a Hybrid Sensing System;;;Apparatuses and methods detect a health condition of a user that may be assessed from a thermal sensor signal and/or radar sensor signal. One or more resultant biometric vectors may be generated from biometric vectors based on the thermal and radar signals, where the resultant biometric vectors contain resultant information about one or more biometric features for a user. Hazard information about the user is obtained from the one or more resultant biometric vectors, where the hazard information is indicative of a health event for the user. Consequently, an appropriate action on behalf of the user may be performed to ameliorate the health condition. The one or more resultant biometric vectors may include additional biometric features and/or a time sequence of the resultant biometric vectors to enhance hazard prediction. Moreover, the apparatuses and methods may support the user in different settings including a home, business, or vehicle.;Computime Ltd;;;;CHOI Hung Bun;;CHU Chun Kit;;NG Yau Wai;;CHAN Leung Yin;;;;;;;;;;;;Banner & Witcoff ;011398.00197\WO;3/9/2020;PCT/US2020/049127;;;;11/3/2021;WO2021046172A1;;;;;
011398.00227\EP;;;EP;;fz.ye;0;;;;011398.00255\EP;;;;Biometric Data Capturing and Analysis Using a Hybrid Sensing System;;;Apparatuses and methods detect a health condition of a user that may be assessed from a thermal sensor signal and/or radar sensor signal. One or more resultant biometric vectors may be generated from biometric vectors based on the thermal and radar signals, where the resultant biometric vectors contain resultant information about one or more biometric features for a user. Hazard information about the user is obtained from the one or more resultant biometric vectors, where the hazard information is indicative of a health event for the user. Consequently, an appropriate action on behalf of the user may be performed to ameliorate the health condition. The one or more resultant biometric vectors may include additional biometric features and/or a time sequence of the resultant biometric vectors to enhance hazard prediction. Moreover, the apparatuses and methods may support the user in different settings including a home, business, or vehicle.;Computime Ltd;;;;CHOI Hung Bun;CHU Chun Kit;CHU Chun Kit;;HA Wai-Leung;;CHAN Leung Yin;;;;;;;;;;;;"	Dehns";011398.00255\EP;3/9/2020;"	25151591.2";;;;30/4/2025;"	EP4546287";;;;;
011398.00150;PAT;;CN;;fz.ye;0;;;;011398.00226\CN;;;;Biometric Data Capturing and Analysis Using a Hybrid Sensing System 使用混合感测系统的生物测定数据捕获和分析;;;设备和方法检测用户的健康状况，所述健康状况可以根据热传感器信号和/或雷达传感器信号进行评估。可以基于所述热和雷达信号从生物测定向量中生成一个或多个合成生物测定向量，其中所述合成生物测定向量含有关于用户的一个或多个生物测定特征的合成信息。从所述一个或多个合成生物测定向量中获得关于所述用户的危害信息，其中所述危害信息指示所述用户的健康事件。因此，可以代表所述用户执行适当的动作以改善所述健康状况。所述一个或多个合成生物测定向量可以包括附加生物测定特征和/或所述合成生物测定向量的时间序列以增强危害预测。此外，所述设备和方法可以在包括家庭、企业或车辆的不同环境中支持所述用户。;金宝通电子（深圳）有限公司;;;;蔡鸿彬;;朱俊杰;;夏炜樑;;陈良贤;;;;;;;;;;;;深圳市惠邦知识产权代理事务所;011398.00226\CN;14/4/2022;2020800723254;;;;;CN114586073B;22/7/2025;2020800723254 ;;;
011398.00150;PAT;;CN;;fz.ye;0;;;;011398.00207\CN;;;;Biometric Data Capturing and Analysis 生物测定数据捕获和分析;;;可以从热传感器信号评估人的健康状况。通过增加热感摄像机的性能指标(例如，分辨率、帧速率、灵敏度)，操作可以扩展到身份验证、生物测定数据提取和健康状况分析等。可以通过监测热图像的时间序列来执行预测，并且因此可以提供健康状况的预警。设备可以用于但不限于通过监督和强化学习对智能家居装置进行个性化。所述设备的应用可以是但不限于智能家居、智能建筑和智能车辆等。;金宝通电子（深圳）有限公司;;;;蔡鸿彬;;朱俊杰;;吴有慧;;陈良贤;;;;;;;;;;;;深圳市惠邦知识产权代理事务所;011398.00207\CN;12/3/2021;2019800597333;;;;30/4/2021;CN112740221B;27/12/2024;2019800597333;;;
82705833;PAT;;US;;fz.ye;0;27/8/2041;;;011398.00225\US;;;;Buried Wireless Unit for Measuring and Reporting Environmental Parameters;;;A buried wireless unit measures various soil parameters of surrounding soil and reports them to centralized equipment. In order to provide reliable communication with the centralized equipment, the buried wireless unit may extend a pop-up antenna when transmitting soil parameter data and may subsequently retract the antenna. The wireless unit unwinds and winds a wire, where an electrical cable connects the antenna to a communication module, in order to extend and retract the antenna, respectively. The wireless unit comprises a bendable sleeve enabling the antenna to be flexible so that damage to the wireless unit is avoided if a vehicle (such as a tractor) rolls over the wireless unit. In order to preserve the battery powering the wireless unit, the wireless unit may skip retracting the antenna when the wireless unit determines that charging level of the battery is below a predetermined charging level.;Computime Ltd;;;;CHEUNG Kam Tim;;SHUM Wai Yin;;;;;;;;;;;;;;;;Banner & Witcoff ;011398.00225\US;28/1/2022;17/587383;;;;9/8/2022;US11411297B1;9/8/2022;11411297;;;
011398.00217;;;WO;;fz.ye;1;;;;011398.00230\WO;;;;Buried Wireless Unit for Measuring and Reporting Environmental Parameters;;;A buried wireless unit measures various soil parameters of surrounding soil and reports them to centralized equipment. In order to provide reliable communication with the centralized equipment, the buried wireless unit may extend a pop-up antenna when transmitting soil parameter data and may subsequently retract the antenna. The wireless unit unwinds and winds a wire, where an electrical cable connects the antenna to a communication module, in order to extend and retract the antenna, respectively. The wireless unit comprises a bendable sleeve enabling the antenna to be flexible so that damage to the wireless unit is avoided if a vehicle (such as a tractor) rolls over the wireless unit. In order to preserve the battery powering the wireless unit, the wireless unit may skip retracting the antenna when the wireless unit determines that charging level of the battery is below a predetermined charging level.;Computime Ltd;;;;CHEUNG Kam Tim;;SHUM Wai Yin;;;;;;;;;;;;;;;;Banner & Witcoff ;011398.00230\WO;12/7/2022;PCT/US2022/036749;;;;2/3/2023;WO2023027819A1;;;;;
PCT/US2022/036749;;;EP;;fz.ye;0;;;;011398.00252\EP;;;;Buried Wireless Unit for Measuring and Reporting Environmental Parameters;;;A buried wireless unit measures various soil parameters of surrounding soil and reports them to centralized equipment. In order to provide reliable communication with the centralized equipment, the buried wireless unit may extend a pop-up antenna when transmitting soil parameter data and may subsequently retract the antenna. The wireless unit unwinds and winds a wire, where an electrical cable connects the antenna to a communication module, in order to extend and retract the antenna, respectively. The wireless unit comprises a bendable sleeve enabling the antenna to be flexible so that damage to the wireless unit is avoided if a vehicle (such as a tractor) rolls over the wireless unit. In order to preserve the battery powering the wireless unit, the wireless unit may skip retracting the antenna when the wireless unit determines that charging level of the battery is below a predetermined charging level.;Computime Ltd;;;;CHEUNG Kam Tim;;SHUM Wai Yin;;;;;;;;;;;;;;;;"	Eisenführ Speiser";011398.00252\EP;12/7/2022;22861862.5;;;;3/7/2024;"	EP4393030";;;;;
PCT/US2022/036749;PAT;;CN;;fz.ye;0;;;;011398.00251\CN;;;;Buried Wireless Unit for Measuring and Reporting Environmental Parameters 用于测量和报告环境参数的埋入式无线单元;;;一种埋入式无线单元测量周围土壤的各种土壤参数并将它们报告给集中式装备。为了提供与集中式装备的可靠通信，当传输土壤参数数据时，埋入式无线单元可以伸出弹出式天线，并且可以随后将天线缩回。无线单元展开和缠绕导线，其中电缆将天线连接到通信模块，以便分别伸出缩回和将天线缩回。无线单元包括可弯曲套筒，使得天线能够是柔性的，从而避免了在车辆(诸如拖拉机)碾压无线单元时对无线单元的损坏。为了保持电池为无线单元供电，当无线单元确定电池的充电水平低于预定充电水平时，无线单元可以跳过缩回天线。;金宝通有限公司;;;;张锦添;;岑伟贤;;;;;;;;;;;;;;;;北京安信方达知识产权代理有限公司;011398.00251\CN;22/7/2022; 2022800659971;;;;28/6/2024;CN118266132A;;;;;
46206180;;;US;;fz.ye;1;31/7/2027;;;;;;;Clip for Mounting a Fluid Delivery Device;;;A clip for mounting a fluid delivery device adjacent a wall of an enclosure is disclosed. In one embodiment, the device includes a base, a hook configured to support the base adjacent the wall, means for attaching a fluid delivery device to the base, and means for rotating the base. Additionally, a method for attaching a clip for mounting a fluid delivery device adjacent a toilet bowl is disclosed. The method includes securing a hook to a rim, engaging a tab of a base to an underside of the rim at an interface, and rotating the base in response to the interface to substantially engage the tab of the base with the underside of the rim.;Computime Ltd;;;; LEONARD Stephen B;;MILLER Allen D;;SAWALSKI Michael M;;ORDIWAY Timothy R ;;MADORE Linda M;;CRULL Jeffrey L;;HARRINGTON Steven Merril;;SHUM Wai Yin;;;;;;31/7/2007;11/831,653;;;;23/10/2012;US8291524B2;;US 8291524 B2;;;
;;;WO;;fz.ye;1;24/7/2027;;;;;;;Clock Setup Over a Network;;;"The present invention provides apparatuses and methods for updating a target device from a clock device through a network. The clock device obtains a time value from a clock source and sends the time value to a target device. A node within the network determines a time delay, adjusts the time value in accordance with the time delay, and sends the adjusted time value to the target device. The node may determine a time delay from an internal timer or from a measurement message when adjusting the time value. The clock device may send a subsequent time update message to the target device if the target device does not acknowledge reception of a time update. The clock device may also send a time update message to a target device when a status change of daylight savings time occurs and obtain a subsequent time value from a clock source.
Classifications";Computime Ltd;;;;HA Wai-Leung;;LEI Kairy Kai;;;;;;;;;;;;;;;;;;24/7/2007;PCT/CN2008/071730;;;;29/1/2009;WO2009012710A1;;;;;
40281010;;;US;;fz.ye;0;14/10/2027;;;011398.00036\US;;;;Clock Setup Over a Network;;;The present invention provides apparatuses and methods for updating a target device from a clock device through a network. The clock device obtains a time value from a clock source and sends the time value to a target device. A node within the network determines a time delay, adjusts the time value in accordance with the time delay, and sends the adjusted time value to the target device. The node may determine a time delay from an internal timer or from a measurement message when adjusting the time value. The clock device may send a subsequent time update message to the target device if the target device does not acknowledge reception of a time update. The clock device may also send a time update message to a target device when a status change of daylight savings time occurs and obtain a subsequent time value from a clock source.;Computime Ltd;;;;HA Wai-Leung;;LEI Kairy Kai;;;;;;;;;;;;;;;;Banner & Witcoff ;011398.00036\US;25/7/2007;11/782911;;;;29/1/2009;US 20090028006 A1;24/5/2011;7948833;;;
;UM;;CN;;fz.ye;0;;;;;;;;COB料盒自动上料;;;COB料盒自动上料;金宝通电子（深圳）有限公司;;;;黄晓鹏;;刘玉波;;李勇;;;;;;;;;;;;;;深圳市朝闻专利代理事务所(普通合伙);;11/12/2024;2024230490653 ;;;;;;;;;;
;UM;;CN;;fz.ye;0;;;;;;;;COB机器人自动上下板;;;COB机器人自动上下板;金宝通电子（深圳）有限公司;;;;黄晓鹏;;刘玉波;;李勇;;;;;;;;;;;;;;深圳市朝闻专利代理事务所(普通合伙);;11/12/2024;2024230490009 ;;;;;;;;;;
011398.00015;;;EP;;fz.ye;0;28/6/2027;;;011398.00063\EP;;;;Conveying Temperature Information In A Controlled Variable Speed Heating, Ventilation, And Air Conditioning (HVAC) System;;;Methods and apparatuses that support the transfer of data from a thermostat unit (100) to a ontroller unit to control a variable speed heating, ventilation, and air conditioning (HVAC) system are disclosed. The duty cycle of a signal that is sent from a thermostat unit (100) to a controller unit is adjusted in accordance with a temperature difference between the ambient temperature of an nvironmentally controlled space and a set temperature, and the controller unit (300) measures the duty ycle to determine the temperature difference and adjusts the speed of a blower motor or compressor in accordance with the temperature difference. The signal is switched on and off, in which the AC waveform is conducted and blocked by the thermostat unit (100) signal, determines the temperature from the duty cycle, and adjusts the speed from a predetermined relationship.;Computime Ltd;;;;HA Wai-Leung;;CHENG Chung Ming ;;LEI Kairy Kai;;;;;;;;;;;;;;Banner & Witcoff ;011398.00063\EP;16/1/2009;07825328.3;;;;25/3/2009;"	EP2038585";16/9/2015;EP2038585B1;;;
;PAT;;EP;;fz.ye;0;16/1/2027;;;011398.00020\EP;;;;Cycle Rate Control Algorithm;;;The present invention controls a room temperature by controlling an environmental control unit. A total span about a setpoint temperature is adjusted in accordance with a previous total span and a multiplicative factor. The multiplicative factor is periodically updated from a desired cycle time and a previous cycle time. The room temperature may also be controlled by adjusting a duty cycle for controlling an environmental control unit. The duty cycle is adjusted based on an error associated with a previous control cycle and an attenuation factor. A new control cycle may be started by cutting the previous control cycle or a current control cycle may be extended if a predetermined condition is detected. The control mode is selected based on environmental characteristics and room characteristics. The control mode may include a span control mode and a duty cycle control mode that is selected from the cycle rate.;Computime Ltd;;;;CHENG Chung Ming ;;;;;;;;;;;;;;;;;;Banner & Witcoff ;011398.00020\EP;16/1/2007;07250147.1;;;;15/8/2007;EP1818751;9/3/2011;EP1818751B1;;;
67809735;PAT;;US;;fz.ye;0;29/9/2038;;;011398.00137\US;;;;Determination of Hydronic Valve Opening Point;;;A controller assembly allows an adjusted flow of water through a hydronic emitter in order to heat or cool an environmental entity. The controller assembly operates in two phases: a calibration phase and an operational phase. During the calibration phase, the controller assembly discovers a valve position where water starts to flow through the hydronic emitter based on signals from a temperature sensor and/or a sound sensor. The temperature sensor may be mounted in close proximity of the emitter inlet so that the controller assembly can detect when the temperature starts to change. The sound sensor may be mounted on the valve body to detect a rushing water sound that is associated with a start of the water flow. The discovered valve position is subsequently used by the controller assembly to adjust water flow between a minimum flow and a maximum flow.;Computime Ltd;;;;SMITH Philip John;;;;;;;;;;;;;;;;;;Banner & Witcoff ;011398.00137\US;20/8/2018;16/105064;;;;20/2/2020;US-2020-0056792-A1;11/8/2020;10739017;;;
011398.00137;PAT;;EP;;fz.ye;0;22/3/2041;;;011398.00200\EP;;;;Determination of Hydronic Valve Opening Point;;;A controller assembly allows an adjusted flow of water through a hydronic emitter in order to heat or cool an environmental entity. The controller assembly operates in two phases: a calibration phase and an operational phase. During the calibration phase, the controller assembly discovers a valve position where water starts to flow through the hydronic emitter based on signals from a temperature sensor and/or a sound sensor. The temperature sensor may be mounted in close proximity of the emitter inlet so that the controller assembly can detect when the temperature starts to change. The sound sensor may be mounted on the valve body to detect a rushing water sound that is associated with a start of the water flow. The discovered valve position is subsequently used by the controller assembly to adjust water flow between a minimum flow and a maximum flow.;Computime Ltd;;;;SMITH Philip John;;;;;;;;;;;;;;;;;;Banner & Witcoff ;011398.00200\EP;22/3/2021;19762073.5;;;;30/6/2021;EP3841332;13/12/2023;EP3841332B1;;;
;;;WO;;fz.ye;1;;;;011398.00168\WO;;;;Determination of Hydronic Valve Opening Point;;;A controller assembly allows an adjusted flow of water through a hydronic emitter in order to heat or cool an environmental entity. The controller assembly operates in two phases: a calibration phase and an operational phase. During the calibration phase, the controller assembly discovers a valve position where water starts to flow through the hydronic emitter based on signals from a temperature sensor and/or a sound sensor. The temperature sensor may be mounted in close proximity of the emitter inlet so that the controller assembly can detect when the temperature starts to change. The sound sensor may be mounted on the valve body to detect a rushing water sound that is associated with a start of the water flow. The discovered valve position is subsequently used by the controller assembly to adjust water flow between a minimum flow and a maximum flow.;Computime Ltd;;;;SMITH Philip John;;;;;;;;;;;;;;;;;;Banner & Witcoff ;011398.00168\WO;20/8/2019;PCT/US2019/047123;;;;27/2/2020;WO2020041220A1;;;;;
011398.00137;;;HK;;fz.ye;0;19/8/2039;;;011398.00199\HK;;;;Determination of Hydronic Valve Opening Point 確定液體循環閥開启點;;;控制器组合件允许调整后的水流通过液体循环发射器，以便加热或冷却环境实体。所述控制器组合件以两个阶段操作：校准阶段和操作阶段。在所述校准阶段期间，所述控制器组合件基于来自温度传感器和/或声音传感器的信号发现水开始流过所述液体循环发射器的阀门位置。所述温度传感器可以紧靠发射器入口安装，使得所述控制器组合件可以检测温度何时开始变化。所述声音传感器可以安装在阀体上，以检测与所述水流的开始相关联的冲水声。所述控制器组合件随后使用所述发现的阀门位置来在最小流量与最大流量之间调整水流。;Computime Ltd;;;;SMITH Philip John;;;;;;;;;;;;;;;;;;HKIPA Limited;011398.00199\HK;26/4/2021;62021029924.9;;;;30/7/2021;HK40040258;26/8/2022;HK40040258;;;
011398.00137;PAT;;CN;;fz.ye;0;;;;011398.00198\CN;;;;Determination of Hydronic Valve Opening Point 確定液體循環閥開启點;;;控制器组合件允许调整后的水流通过液体循环发射器，以便加热或冷却环境实体。所述控制器组合件以两个阶段操作：校准阶段和操作阶段。在所述校准阶段期间，所述控制器组合件基于来自温度传感器和/或声音传感器的信号发现水开始流过所述液体循环发射器的阀门位置。所述温度传感器可以紧靠发射器入口安装，使得所述控制器组合件可以检测温度何时开始变化。所述声音传感器可以安装在阀体上，以检测与所述水流的开始相关联的冲水声。所述控制器组合件随后使用所述发现的阀门位置来在最小流量与最大流量之间调整水流。;金宝通电子（深圳）有限公司;;;;SMITH Philip John;;;;;;;;;;;;;;;;;;深圳市惠邦知识产权代理事务所;011398.00198\CN;20/2/2021;2019800547743;;;;30/3/2021;CN112585407B;17/5/2022;2019800547743;;;
011398.00060;;;UK;;fz.ye;0;4/11/2029;;;011398.00099\GB;;;;Determination Of The Type Of Heating, Ventilating, And Air Conditioning (HVAC) System;;;The present invention provides apparatuses and computer readable media for obtaining information about a heating, ventilating, and air conditioning (HVAC) system and sending the information to a remote networked device. A control circuit deactivates loads of a HVAC system so that a sampling circuit can inject a test signal into the loads. Based on a resulting signal, a processor determines what loads are connected to a thermostat. The processor can consequently determine the type of the HVAC system. The processor may further utilize a lookup table that maps possible values of the resulting signal with different types of HVAC systems. The thermostat may consequently send information about the load configuration to a networked device. The thermostat may further detect a change of the load configuration and notify the networked device and may periodically inject the test signal into the connected loads when the control relays are deactivated.;Computime Ltd;;;;HA Wai-Leung;;LEI Kairy Kai;;HUANG Hao-Hui;;;;;;;;;;;;;;Banner & Witcoff ;011398.00099\GB;10/3/2011;GB1104076.3;;;;13/7/2011;GB2476891;11/2/2015;GB2476891;;;
;;;DE;;fz.ye;1;;;;011398.00098\DE;;;;Determination Of The Type Of Heating, Ventilating, And Air Conditioning (HVAC) System;;;The present invention provides devices and computer readable media for obtaining information concerning a heating, ventilation and air conditioning (HVAC) system and for sending the information to an external networked device. A control circuit deactivates loads of an HVAC system so that a sampling circuit can introduce a test signal into the loads. Based on a resulting signal, a processor determines which loads are connected to the thermostat. The processor can thus determine the type of HVAC system. The processor may also use a look-up table mapping possible values of the resulting signal with different types of HVAC systems. Thus, the thermostat may communicate information regarding the load configuration to a networked device. The thermostat may also detect a change in the load configuration and communicate it to the networked device, and it may periodically insert the test signal into the connected loads when the control relays are deactivated;Computime Ltd;;;;HA Wai-Leung;;LEI Kairy Kai;;HUANG Hao-Hui;;;;;;;;;;;;;;Banner & Witcoff ;011398.00098\DE;5/5/2020;11 2009 002 504.8;;;;;DE112009002504T5;;;;;
93017539;PAT;;US;;fz.ye;0;;;;CPT0003-US;;;;Distributed Machine Learning for a Thermostat ;;;Current thermostat data including room temperature readings, thermostat control commands, and user input temperature set point changes is collected. The current thermostat data is sent from a thermostat to a cloud server that creates and continually updates a first server machine learning model trained using previous and the current thermostat data, a second thermostat machine learning model is created for sending control commands to the thermostat using the previous and the current thermostat data, and the second thermostat machine learning model is updated. The second thermostat machine learning model is updated by sending updated model parameters from the first server machine learning model to the second thermostat machine learning model. One or more new thermostat commands determined from the current thermostat data are received from the second thermostat machine learning model and the one or more new thermostat commands are executed.;Computime Ltd;;;;HA Wai Leung ;;WONG Chi Shing Raymond (;;FAN Pak Ming;;LI Mu;;;;;;;;;;;;KASHA LAW LLC;CPT0003-US;11/4/2024;18/632355;;;;17/10/2024;20240345552;;;;;
;DSG;;US;;fz.ye;0;;;;CPT0305-D;;;;Docking Station for a Thermostat;;;;Computime Ltd;;;;LAM Ching Bo;;;;;;;;;;;;;;;;;;Kasha Law LLC;CPT0305-D;15/9/2023;29/909.827;;;;;;28-Jan-25;D1059194;;;
;DSG;;CN;;fz.ye;0;;;;CPT0305-CN;;;;Docking Station for a Thermostat;;;;;;;;Michael Lam;;;;;;;;;;;;;;;;;;KASHA LAW LLC;CPT0305-CN;;;;;;;;;;;;
;DSG;;EP;;fz.ye;0;;;;CPT0305-EP;;;;Docking Station for a Thermostat;;;;;;;;Michael Lam;;;;;;;;;;;;;;;;;;KASHA LAW LLC;CPT0305-EP;13/2/2024;015050210-0002;;;;;;;;;;
;DSG;;UK;;fz.ye;0;;;;CPT0305-UK;;;;Docking Station for a Thermostat;;;;;;;;;;;;;;;;;;;;;;;;;;KASHA LAW LLC;CPT0305-UK;9/2/2024;6345943.0 ;;;;;;;;;;
39050044;;;US;;fz.ye;1;14/8/2026;;;;;;;Drive Circuits and Methods for Ultrasonic Piezoelectric Actuators;;;A drive circuit for and method of driving a piezoelectric actuator utilizes an impedance coupled to the piezoelectric actuator, wherein the impedance and the piezoelectric actuator together form a tank circuit that has a resonant frequency. A first circuit is provided that drives the actuator at the resonant frequency and a second circuit is further provided that selectively operates the first circuit in one of at least two modes of operation including a first mode that causes the actuator to be energized at a first duty cycle and a second mode that causes the actuator to be energized at a second duty cycle.; Bit 7 Inc , Computime International Ltd , s.c. Johnson & Son Inc;;;; BLANDINO Thomas P;;LUC Tai P;;ZHOU Peter;;;;;;;;;;;;;;;;14/8/2006;11/464,419;;;;1/3/2007;US 20070046143 A1;26/5/2009;7538473 ;;;
97751752;DSG;;US;;fz.ye;0;;;;CPT0301-D;;;;Electric Vehicle Charger;;;;Computime Ltd;;;;LAM Ching Bo;;;;;;;;;;;;;;;;;;;CPT0301-D;20/6/2023;29/878,318;;;;;;25/11/2025;D1103087;;;
;DSG;;US;;fz.ye;0;26/8/2040;;;CPT0303-D;;;;Electric Vehicle Charger Control Box;;;;Computime Ltd;;;;LAM Ching Bo;;;;;;;;;;;;;;;;;;KASHA LAW LLC;CPT0303-D;20/6/2023;29/878,321;;;;;;26/8/2025;USD1090442S1;;;
;DSG;;US;;fz.ye;0;;;;CPT0302-D;;;;Electric Vehicle Charger Control Box;;;;Computime Ltd;;;;LAM Ching Bo;;;;;;;;;;;;;;;;;;KASHA LAW LLC;CPT0302-D;20/6/2023;D/878320;;;;;;23/9/2025;D1094274;;;
011398.00031;;;US;;fz.ye;0;8/4/2030;;;011398.00031\US;;;;Electrical Device With a Selected Orientation for Operation;;;The present invention provides methods and apparatuses for configuring an electrical device to a selected orientation. Direction information that is indicative of the orientation of the electrical device is provided by a directional detection switch. A processor selects a selected orientation from a plurality of permitted orientations by processing the direction information and instructs a display unit to operate in the selected orientation. Different adjacent contacts of a directional detection switch are activated corresponding to different orientation of the electrical device. A conductive ball may be positioned by gravity and consequently conducts an electrical current between two corresponding adjacent contacts based on the orientation of the electrical device. A display unit of an electrical device may include an output component or an input component that is configured based on the orientation of the electrical device.;Computime Ltd;;;;HA Wai-Leung;;LEI Kairy Kai;;;;;;;;;;;;;;;;Banner & Witcoff ;011398.00031\US;14/3/2007;11/686006;;;;18/9/2008;US-2008-0228432-A1;16/8/2011;7999789;;;
79172379;PAT;;US;;fz.ye;0;9/7/2040;;;011398.00193\US;;;;Enhancement for Thermostat Programmability;;;A programmable thermostat supports at least one attribute where each different attribute values may support different sets of thermostatic settings. The programmable thermostat may be programmed based on the different attribute values rather than on temperature set points that are traditionally mapped to programmed times. Each set may include settings for a plurality of controlled equipment including a heating/cooling system, fan, ventilator, humidifier, and/or de-humidifier. Each embodiment may support attribute values associated with an occupancy attribute (which is indicative whether or not people are occupying an environmental entity) and/or a scenario attribute (which flexibly maps different thermostatic settings to different scenario attribute values). Stored configuration data about the thermostatic settings may be organized as a tree structure, where the leaves correspond to the thermostatic settings. A programmable thermostat/ventilator controller may also instruct a ventilator system to run during an adjustable pre-occupancy purge time duration before an environmental entity is occupied.;Computime Ltd;;;;CHENG Chung Ming ;;;;;;;;;;;;;;;;;;Banner & Witcoff ;011398.00193\US;8/7/2020;16/923361;;;;13/1/2022;US-2022-0010997-A1;7/6/2022;11353229;;;
79172301;PAT;;US;;fz.ye;0;9/6/2041;;;011398.00194\US;;;;Enhancement for Thermostat Programmability;;;A programmable thermostat supports at least one attribute where each different attribute values may support different sets of thermostatic settings. The programmable thermostat may be programmed based on the different attribute values rather than on temperature set points that are traditionally mapped to programmed times. Each set may include settings for a plurality of controlled equipment including a heating/cooling system, fan, ventilator, humidifier, and/or de-humidifier. Each embodiment may support attribute values associated with an occupancy attribute (which is indicative whether or not people are occupying an environmental entity) and/or a scenario attribute (which flexibly maps different thermostatic settings to different scenario attribute values). Stored configuration data about the thermostatic settings may be organized as a tree structure, where the leaves correspond to the thermostatic settings. A programmable thermostat/ventilator controller may also instruct a ventilator system to run during an adjustable pre-occupancy purge time duration before an environmental entity is occupied.;Computime Ltd;;;;CHENG Chung Ming ;;;;;;;;;;;;;;;;;;Banner & Witcoff ;011398.00194\US;8/7/2020;16/923481;;;;13/1/2022;US-2022-0010998-A1;15/11/2022;11499735;;;
011398.00193;;;WO;;fz.ye;1;;;;011398.00215\WO;;;;Enhancement for Thermostat Programmability;;;A programmable thermostat supports at least one attribute where each different attribute values may support different sets of thermostatic settings. The programmable thermostat may be programmed based on the different attribute values rather than on temperature set points that are traditionally mapped to programmed times. Each set may include settings for a plurality of controlled equipment including a heating/cooling system, fan, ventilator, humidifier, and/or de-humidifier. Each embodiment may support attribute values associated with an occupancy attribute (which is indicative whether or not people are occupying an environmental entity) and/or a scenario attribute (which flexibly maps different thermostatic settings to different scenario attribute values). Stored configuration data about the thermostatic settings may be organized as a tree structure, where the leaves correspond to the thermostatic settings. A programmable thermostat/ventilator controller may also instruct a ventilator system to run during an adjustable pre-occupancy purge time duration before an environmental entity is occupied.;Computime Ltd;;;;CHENG Chung Ming;;;;;;;;;;;;;;;;;;Banner & Witcoff ;011398.00215\WO;8/7/2021;PCT/US2021/040857;;;;13/1/2022;WO2022011121;;;;;
011398.00194;;;WO;;fz.ye;1;;;;011398.00216\WO;;;;Enhancement for Thermostat Programmability;;;A programmable thermostat supports at least one attribute where each different attribute values may support different sets of thermostatic settings. The programmable thermostat may be programmed based on the different attribute values rather than on temperature set points that are traditionally mapped to programmed times. Each set may include settings for a plurality of controlled equipment including a heating/cooling system, fan, ventilator, humidifier, and/or de-humidifier. Each embodiment may support attribute values associated with an occupancy attribute (which is indicative whether or not people are occupying an environmental entity) and/or a scenario attribute (which flexibly maps different thermostatic settings to different scenario attribute values). Stored configuration data about the thermostatic settings may be organized as a tree structure, where the leaves correspond to the thermostatic settings. A programmable thermostat/ventilator controller may also instruct a ventilator system to run during an adjustable pre-occupancy purge time duration before an environmental entity is occupied.;Computime Ltd;;;;CHENG Chung Ming;;;;;;;;;;;;;;;;;;Banner & Witcoff ;011398.00216\WO;8/7/2021;PCT/US2021/040864;;;;13/1/2022;WO2022011126;;;;;
;;;EP;;fz.ye;0;;;;011398.00244\EP;;;;Enhancement for Thermostat Programmability;;;A programmable thermostat supports at least one attribute where each different attribute values may support different sets of thermostatic settings. The programmable thermostat may be programmed based on the different attribute values rather than on temperature set points that are traditionally mapped to programmed times. Each set may include settings for a plurality of controlled equipment including a heating/cooling system, fan, ventilator, humidifier, and/or de-humidifier. Each embodiment may support attribute values associated with an occupancy attribute (which is indicative whether or not people are occupying an environmental entity) and/or a scenario attribute (which flexibly maps different thermostatic settings to different scenario attribute values). Stored configuration data about the thermostatic settings may be organized as a tree structure, where the leaves correspond to the thermostatic settings. A programmable thermostat/ventilator controller may also instruct a ventilator system to run during an adjustable pre-occupancy purge time duration before an environmental entity is occupied.;Computime Ltd;;;;CHENG Chung Ming ;;;;;;;;;;;;;;;;;;"	Eisenführ Speiser";011398.00244\EP;8/7/2021;21838162.2;;;;17/5/2023;"	EP4179404";;;;;
;;;EP;;fz.ye;0;;;;011398.00242\EP;;;;Enhancement for Thermostat Programmability;;;A programmable thermostat supports at least one attribute where each different attribute values may support different sets of thermostatic settings. The programmable thermostat may be programmed based on the different attribute values rather than on temperature set points that are traditionally mapped to programmed times. Each set may include settings for a plurality of controlled equipment including a heating/cooling system, fan, ventilator, humidifier, and/or de-humidifier. Each embodiment may support attribute values associated with an occupancy attribute (which is indicative whether or not people are occupying an environmental entity) and/or a scenario attribute (which flexibly maps different thermostatic settings to different scenario attribute values). Stored configuration data about the thermostatic settings may be organized as a tree structure, where the leaves correspond to the thermostatic settings. A programmable thermostat/ventilator controller may also instruct a ventilator system to run during an adjustable pre-occupancy purge time duration before an environmental entity is occupied.;Computime Ltd;;;;CHENG Chung Ming ;;;;;;;;;;;;;;;;;;Eisenführ Speiser;011398.00242\EP;6/2/2023;21837518.6;;;;20/11/2024;EP4179403;;;;;
011398.00216\WO;PAT;;CN;;fz.ye;0;;;;011398.00245\CN;;;;Enhancement for Thermostat Programmability 恒温器可编程性的增强;;;可编程恒温器支持至少一个属性，其中每个不同的属性值可以支持不同组的恒温设置。可编程恒温器可以基于不同的属性值而不是传统上映射到编程时间的温度设置点来编程。每组可包括用于多个受控装备的设置，该多个受控装备包括加热/冷却系统、风扇、通风机、加湿器和/或除湿器。每个实施方案可以支持与占用属性(指示人们是否正在占用环境实体)和/或场景属性(灵活地将不同的恒温设置映射到不同的场景属性值)相关联的属性值。所存储的关于恒温设置的配置数据可以组织为树结构，其中叶子对应于恒温设置。可编程恒温器/通风机控制器还可以指示通风机系统在环境实体被占用前在可调整的占用前吹扫持续时间期间运行。;金宝通电子（深圳）有限公司;;;;明成忠;;;;;;;;;;;;;;;;;;深圳市惠邦知识产权代理事务所;011398.00245\CN;7/3/2023;2021800551426;;;;2/5/2023;CN 116057493 A;5/9/2025;2021800551426 ;;;
011398.00215\WO;;;CN;;fz.ye;0;;;;011398.00243\CN;;;;Enhancement for Thermostat Programmability 恒温器可编程性的增强;;;可编程恒温器支持至少一个属性，其中每个不同的属性值可以支持不同组的恒温设置。可编程恒温器可以基于不同的属性值而不是传统上映射到编程时间的温度设置点来编程。每组可包括用于多个受控装备的设置，该多个受控装备包括加热/冷却系统、风扇、通风机、加湿器和/或除湿器。每个实施方案可以支持与占用属性(指示人们是否正在占用环境实体)和/或场景属性(灵活地将不同的恒温设置映射到不同的场景属性值)相关联的属性值。所存储的关于恒温设置的配置数据可以组织为树结构，其中叶子对应于恒温设置。可编程恒温器/通风机控制器还可以指示通风机系统在环境实体被占用前在可调整的占用前吹扫持续时间期间运行。;金宝通电子（深圳）有限公司;;;;明成忠;;;;;;;;;;;;;;;;;;北京安信方达知识产权代理有限公司;011398.00243\CN;8/3/2023;2021800616416.0;;;;;;;;;;
91474074;PAT;;US;;fz.ye;0;;;;CPT0001-US;;;;EV Charger Holder With Charger Gun Plug-In From Left Or Right Direction;;;An EV charger connector holder includes a housing with a base and cover and at least one removable socket plug. The housing includes a first opening and a second opening. The base includes a base plate, a first base plug-holding structure, and a second base plug-holding structure. The cover includes a first cover plug-holding structure and a second cover plug-holding structure. When the base and the cover are attached, the first base plug-holding structure and the first cover plug-holding structure form a first housing port at the first opening and the second base plug-holding structure and the second cover plug-holding structure form a second housing port at the second opening. The removable socket plug includes an outside structure adapted for fixation to the first housing port or the second housing port and an inside structure adapted for receiving and locking to a first type of electrical connector.;Computime Ltd;;;;SHUM Wai Yin;;HO Michael;;HO Chi Shing ;;HE Da Xian;;;;;;;;;;;;Kasha Law LLC;CPT0001-US;9/10/2023;18/483,102;;;;2/6/2024;20240198825;;;;;
91586111;;;US;;fz.ye;0;;;;CPT0004-PRO;;;;EV Charger Modular Design;;;An EV charger includes a modular housing system that includes a first housing and a second housing. The first housing is adapted to enclose electrical circuitry that connects power source inputs from a power source input cable to EV charging outputs of an EV charging output cable. The first housing includes a first port and a second port. The first housing receives the input cable through the first port and sends the output cable through the second port. The second housing includes multiple ports. The second housing receives the output cable through one of its ports. The second housing further includes an EV charging socket or a tethered EV charger connector for charging an EV. In one embodiment, the second housing can be separated from the first housing using a conduit. In another embodiment, the second housing can be directly connected to the first housing.;Computime Ltd;;;;SHUM Wai Yin;;HO Chi Shing;;;;;;;;;;;;;;;;Kasha Law LLC;CPT0004-PRO;24/1/2024;18/421047;;;;19/12/2024;20240416771;;;;;
;;;EP;;fz.ye;0;;;;CPT0004-EP;;;;EV Charger Modular Design;;;An EV charger includes a modular housing system that includes a first housing and a second housing. The first housing is adapted to enclose electrical circuitry that connects power source inputs from a power source input cable to EV charging outputs of an EV charging output cable. The first housing includes a first port and a second port. The first housing receives the input cable through the first port and sends the output cable through the second port. The second housing includes multiple ports. The second housing receives the output cable through one of its ports. The second housing further includes an EV charging socket or a tethered EV charger connector for charging an EV. In one embodiment, the second housing can be separated from the first housing using a conduit. In another embodiment, the second housing can be directly connected to the first housing.;Computime Ltd;;;;SHUM Wai Yin;;HO Michael;;;;;;;;;;;;;;;;Kahler Käck Mollekopf;CPT0004-EP;18/6/2024;24182812.8;;;;25/12/2024;"	EP4481966";;;;;
;;;US;;fz.ye;0;;;;CPT0006-PRO;;;;EV Charger Socket Locking Design;;;;Computime Ltd;;;;SHUM Wai Yin;;HO Michael;;;;;;;;;;;;;;;;Kasha Law LLC;CPT0006-PRO;29/2/2024;63/559,340;;;;;;;;;;
95747547;;;US;;fz.ye;0;;;;CPT0006-US;;;;EV Charger Socket Locking Design;;;An EV charger locking system includes a plunger, one or more springs, and an electrically controlled actuator. The plunger contacts a lockable portion of an EV charger inserted into a channel of an EV charging socket. When uncompressed, the one or more springs position a tip of the plunger in a return position in or above a hole of the channel. When compressed, the one or more springs apply a force in a second direction to return the tip to the return position. When activated, the actuator applies a mechanical force to the plunger in a first direction to move the tip through the hole and to position the tip in a locking position in the channel to contact the lockable portion. When deactivated, the actuator removes the mechanical force from the plunger, allowing the plunger to be returned to the return position by the one or more springs.;Computime Ltd;;;;SHUM Wai Yin;;HO Michael;;;;;;;;;;;;;;;;Kasha Law LLC;CPT0006-US;12/12/2024;18/978,027;;;;4/9/2025;20250276591;;;;;
;PAT;;CN;;fz.ye;0;;;;;;;;EV充电器充电枪支架及使用方法;;;EV充电器充电枪支架及使用方法;金宝通电子（深圳）有限公司;;;;岑伟贤;;何志诚;;;;;;;;;;;;;;;;深圳市朝闻专利代理事务所(普通合伙);;9/9/2024;2024112536244 ;;;;;;;;;;
;;;US;;fz.ye;0;;;;CPT0007-PRO;;;;Integrate the Room Air-Conditioner Control into a Central HVAC Room thermostat;;;;Computime Ltd;;;;CHAN Jason;;;;;;;;;;;;;;;;;;Kasha Law LLC;CPT0007-PRO;19/3/2024;63/566.935;;;;;;;;;;
;;;US;;fz.ye;0;;;;CPT0007-US;;;;Integrate the Room Air-Conditioner Control into a Central HVAC Room thermostat;;;A central HVAC thermostat controls a central HVAC system of a home. The thermostat further includes a control unit and remote-control device for controlling at least one room HVAC system in a room of the home. The control unit generates control data for the at least one room HVAC system. The remote-control device receives the control data from the control unit. The remote-control device converts the control data to wireless control signals. Finally, the remote-control device sends the wireless control signals to the at least one room HVAC system using a first wireless communication technology. The at least one room HVAC system can include at least one air conditioner or at least one heat pump. The first wireless communication technology can be infrared technology. The control unit further transmits the control data to the remote-control device using a second wireless communication technology.;Computime Ltd;;;;JEPSON Dean Richard;;CHAN Jason;;SO Chi Ming;;;;;;;;;;;;;;Kasha Law LLC;CPT0007-US;25/11/2024;18/958,182;;;;25/9/2025;US-2025-0297760-A1;;;;;
;;;US;;fz.ye;0;;;;CPT-0008-PRO;;;;Integrate Wireless Communication Hvac Device Into Cloud Connected Smart Home System Through Local Network;;;;Computime Ltd;;;;;;;;;;;;;;;;;;;;;;Kasha Law LLC;CPT-0008-PRO;27/3/2024;63/570,278;;;;;;;;;;
;;;US;;fz.ye;0;;;;CPT0008-US;;;;Integrate Wireless Communication Hvac Device Into Cloud Connected Smart Home System Through Local Network;;;A device in the home is connected to a home control system that includes a control system device in the home and one or more servers outside of the home. A device identifier of a device in a home is discovered using a mobile application of a mobile device when the mobile device is in the home. The device is configured to communicate wirelessly via a first protocol of one or more protocols. The device identifier is sent to a control system device in the home using the mobile application. The device identifier is sent through one or more servers in communication with the control system device using a wireless duplex server communication protocol. A control device identifier and an encryption key of the control system device are sent to the device using the mobile application using the first protocol when the mobile device is in the home.;Computime Ltd;;;;CHAN Chi Lung;;;;;;;;;;;;;;;;;;KASHA LAW LLC;CPT0008-US;25/11/2024;18/958184;;;;2/10/2025;20250305701;;;;;
61192306;;;US;;fz.ye;0;17/2/2038;;;011398.00129\US;;;;Integrated Wireless Power Sensor System For Sensing And Control Of Equipment;;;A system utilizes the colocation of the sensing and the control or other powered sections of the product to supplement the environmental conditions in which the energy harvesting sensors operate, thus providing a robust energy source for sensors to operate.;Computime Ltd;;;;JUDGE, Brenton James;;HA Wai-Leung;;KAM Kwok Wa Kenny;;CHAN Chi Lung;;QIAN Gordon;;ZHANG Xiao Jun;;;;;;;;;011398.00129\US;18/8/2017;15/680572;;;;22/2/2018;US-2018-0054092-A1;31/12/2019;10523064;;;
;;;US;;fz.ye;0;;;;CPT0009-PRO;;;;Interactive Human Machine Interface Buttons and Slider;;;;Computime Ltd;;;;CHEUNG Kam Tim;;;;;;;;;;;;;;;;;;Kasha Law LLC;CPT0009-PRO;25/9/2024;63/698,587;;;;;;;;;;
;;;EP;;fz.ye;0;;;;CPT0009-EP;;;;Interactive Human Machine Interface Buttons and Slider;;;;Computime Ltd;;;;;;;;;;;;;;;;;;;;;;Kasha Law LLC;CPT0009-EP;10/9/2025;25 201 331.3;;;;;;;;;;
;PAT;;US;;fz.ye;0;;;;CPT0009-US;;;;Interactive Human Machine Interface Buttons and Slider;;;;;;;;Tim Cheung;;;;;;;;;;;;;;;;;;Kasha Law LLC;CPT0009-US;26/12/2024;18/981,796;;;;;;;;;;
011398.00043;;;US;;fz.ye;0;25/11/2028;;;011398.00043\US;;;;Kettle Controller;;;The present invention provides apparatuses and methods for boiling a liquid such as water. The liquid is heated at full power when the measured temperature of the liquid is below a first predetermined threshold. When the temperature is above the first predetermined threshold and below a second predetermined threshold, partial power, which may be based on the duty cycle, is applied to the heater. When the measured temperature of the liquid reaches the second predetermined threshold, power is removed from the heater after a predetermined time. When the increase of the measured temperature is less than a predetermined temperature change during a predetermined time duration, it is determined that the liquid is boiling and power is removed to the heater. If the level is too high or too low, an alarm may be activated and/or power removed from the heater.;Computime Ltd;;;;HO Kin-Wah ;;;;;;;;;;;;;;;;;;Banner & Witcoff ;011398.00043\US;2/1/2008;11/968420;;;;2/7/2009;US-2009-0166350-A1;17/8/2010;7777159;;;
77921808;;;US;;fz.ye;0;7/5/2041;;;011398.00173\US;;;;Local Computing Cloud That Is Interactive With a Public Computing Cloud;;;A home computing cloud (HCC) supports one or more Internet of Things (IoT) devices, possibly with different connectively protocols, in a local environment. The HCC often reduces the amount of data traffic sent to a public computing cloud (PCC) by locally processing collected device data rather than by sending the device data to the PCC for processing. This approach reduces the amount of data traffic sent over the network, improves data privacy and helps to maintain a desired quality of service level. In order to do so, the HCC may download an appropriate data analytic model from the PCC, train the model, execute the trained model to obtain prediction information from collected IoT device data, and upload the trained model to the PCC. Alternatively, the HCC and PCC may execute sub-models of the analytic model and exchange the outputs of the sub-models with each other.;Computime Ltd;;;;CHOI Hung Bun;;PANG Tsang Gideon Sui ;;CHU Chun Kit;;;;;;;;;;;;;;Banner & Witcoff ;011398.00173\US;6/4/2020;16/840648;;;;7/10/2021;US-2021-0311846-A1;23/5/2023;11656966;;;
011398.00173;;;WO;;fz.ye;1;;;;011398.00210\WO;;;;Local Computing Cloud that is Interactive with a Public Computing Cloud;;;A home computing cloud (HCC) supports one or more Internet of Things (IoT) devices, possibly with different connectively protocols, in a local environment. The HCC often reduces the amount of data traffic sent to a public computing cloud (PCC) by locally processing collected device data rather than by sending the device data to the PCC for processing. This approach reduces the amount of data traffic sent over the network, improves data privacy and helps to maintain a desired quality of service level. In order to do so, the HCC may download an appropriate data analytic model from the PCC, train the model, execute the trained model to obtain prediction information from collected IoT device data, and upload the trained model to the PCC. Alternatively, the HCC and PCC may execute sub-models of the analytic model and exchange the outputs of the sub-models with each other.;Computime Ltd;;;;CHOI Hung Bun;;PANG Tsang Gideon Sui ;;CHU Chun Kit;;;;;;;;;;;;;;Banner & Witcoff ;011398.00210\WO;6/4/2021;PCT/US2021/025943;;;;14/10/2021;WO2021207179A1;;;;;
77921808;;;US;;fz.ye;0;;;;011398.00248\US;;;;Local Computing Cloud That is Interactive With a Public Computing Cloud;;;A home computing cloud (HCC) supports one or more Internet of Things (IoT) devices, possibly with different connectively protocols, in a local environment. The HCC often reduces the amount of data traffic sent to a public computing cloud (PCC) by locally processing collected device data rather than by sending the device data to the PCC for processing. This approach reduces the amount of data traffic sent over the network, improves data privacy and helps to maintain a desired quality of service level. In order to do so, the HCC may download an appropriate data analytic model from the PCC, train the model, execute the trained model to obtain prediction information from collected IoT device data, and upload the trained model to the PCC. Alternatively, the HCC and PCC may execute sub-models of the analytic model and exchange the outputs of the sub-models with each other.;Computime Ltd;;;;CHOI Hung Bun;;PANG Tsang Gideon Sui ;;CHU Chun Kit;;;;;;;;;;;;;;;011398.00248\US;4/4/2023;18/130505;;;;10/8/2023;20230251946;;;;;
91700094;PAT;;US;;fz.ye;0;;;;CPT0005-PRO;;;;Local Dynamic Load Balancing for EV Charging with Power Line Communication;;;;Computime Ltd;;;;CHEUNG Kam Tim;;CHAN Leung Yin;;TAM Pui Keung ;;;;;;;;;;;;;;Kasha Law LLC;CPT0005-PRO;31/7/2023;63/516,539;;;;;;;;;;
91700094;PAT;;US;;fz.ye;0;;;;CPT0005-US;;;;Local Dynamic Load Balancing for EV Charging with Power Line Communication;;;A power line communication device measures a total current flowing through one or more power lines providing power to EV chargers. The device establishes communication with at least one of the EV chargers using the one or more power lines as the communications medium. The device further communicates power management information to the EV chargers. When the device receives a request from the EV chargers, it calculates a current for each of the EV chargers from the total current, the preset maximum current, or both the total current and the preset maximum current, and communicates a calculated current to each of the EV chargers. Alternatively, the device can provide the total current to one of the EV chargers that acts as a power manager and communicates power management information to the other EV chargers using the one or more power lines as the communications medium.;Computime Ltd;;;;CHEUNG Kam Tim;;CHAN Leung Yin;;TAM Pui Keung ;;;;;;;;;;;;;;Kasha Law LLC;CPT0005-US;20/10/2023;18/491281;;;;6/2/2025;20250042293;;;;;
;PAT;;EP;;fz.ye;0;;;;CPT0005-EP;;;;Local Dynamic Load Balancing for EV Charging with Power Line Communication;;;A power line communication device measures a total current flowing through one or more power lines providing power to EV chargers. The device establishes communication with at least one of the EV chargers using the one or more power lines as the communications medium. The device further communicates power management information to the EV chargers. When the device receives a request from the EV chargers, it calculates a current for each of the EV chargers from the total current, the preset maximum current, or both the total current and the preset maximum current, and communicates a calculated current to each of the EV chargers. Alternatively, the device can provide the total current to one of the EV chargers that acts as a power manager and communicates power management information to the other EV chargers using the one or more power lines as the communications medium.;Computime Ltd;;;;CHEUNG Kam Tim;;CHAN Leung Yin;;TAM Pui Keung;;;;;;;;;;;;;;Kahler Käck Mollekopf;CPT0005-EP;26/6/2024;24184794.6;;;;5/2/2025;"	EP4501697";;;;;
;实用新型;;CN;;fz.ye;0;23/6/2026;;;;;;;LTE物联网天线;;;LTE物联网天线;金宝通电子（深圳）有限公司;;;;张德亮;;;;;;;;;;;;;;;;;;深圳市朝闻专利代理事务所(普通合伙);;23/5/2024;2024211329045 ;;;;;;21/3/2025;2024211329045 ;;;
37440869;;;US;;fz.ye;1;4/6/2029;;;011398.00013\US;;;;Matching a transmitter and a receiver supplied by the same power module;;;A transmitter and a receiver are paired that use the same power line and power module. The transmitter associates an identification number with a command message so that a receiver can ascertain that a command message is intended for the receiver. The transmitter uses the time from the power up to the first zero crossing of the AC signal to generate a matching seed for both transmitter and receiver. The transmitter generates an identification number by incrementing a counter each incremental time interval between power up and the occurrence of the first zero crossing of the AC signal and sends the generated identification number to the paired receiver after power up but before a predetermined time interval. The receiver stores the generated identification number and compares the stored identification number with a received identification number that is received in a subsequent command message.;Computime Ltd;;;;HA Wai-Leung;;LEI Kairy Kai;;STEVENS David Bruce;;;;;;;;;;;;;;Banner & Witcoff ;011398.00013\US;18/10/2005;11/252905;;;;19/4/2007;US-2007-0085696-A1;14/2/2012;8115606;;;
011398.00013;;;EP;;fz.ye;0;17/10/2026;;;011398.00021\EP;;;;Method and apparatus for generating identification values through power lines;;;The present invention supports pairing a transmitter and a receiver that use the same power line and power module. The transmitter associates an identification number with a command message so that a receiver can ascertain that a command message is intended for the receiver. The transmitter uses the time from the power up to the first zero crossing of the AC signal to generate a matching seed for both transmitter and receiver. The transmitter generates an identification number by incrementing a counter each incremental time interval between power up and the occurrence of the first zero crossing of the AC signal and sends the generated identification number to the paired receiver after power up but before a predetermined time interval. The receiver stores the generated identification number and compares the stored identification number with a received identification number that is received in a subsequent command message.;Computime Ltd;;;;HA Wai-Leung;;LEI Kairy Kai;;STEVENS David Bruce;;;;;;;;;;;;;;Jackson, Robert Patrick;011398.00021\EP;17/10/2006;06255361.5;;;;25/4/2007;EP1777835;6/10/2010;EP1777835B1;;;
77922563;PAT;;US;;fz.ye;0;27/1/2026;;;011398.00180\US;;;;Method And Apparatus To Implement A Home Computing Cloud;;;A home computing system (cloud) integrates a protocols gateway, WiFi router, cloud server, and mass storage device to support one or more Internet of Things (IoT) devices, possibly with different connectively protocols, in a local environment such as a residential home. The home computing cloud often reduces the amount of data traffic sent to a public computing cloud by locally processing collected device data rather than by sending the device data to the public computer cloud for processing. The home computing cloud may download an appropriate data analytic model from the public computing cloud, locally train (for example, reinforcement learning) the model, and locally execute the trained model to obtain prediction information from collected IoT device data. The home computing cloud also allows direct access of the connected IoT devices by user applications via the internet, through a protocols gateway and an IoT message translator.;Computime Ltd;;;;NG Yau Wai;;CHOI Hung Bun;;CHU Chun Kit;;;;;;;;;;;;;;Banner & Witcoff ;011398.00180\US;6/4/2020;16/840708;;;;7/10/2021;US-2021-0314407-A1;26/7/2022;11399069;;;
011398.00180;;;WO;;fz.ye;1;;;;011398.00211\WO;;;;Method And Apparatus To Implement A Home Computing Cloud;;;A home computing system (cloud) integrates a protocols gateway, WiFi router, cloud server, and mass storage device to support one or more Internet of Things (IoT) devices, possibly with different connectively protocols, in a local environment such as a residential home. The home computing cloud often reduces the amount of data traffic sent to a public computing cloud by locally processing collected device data rather than by sending the device data to the public computer cloud for processing. The home computing cloud may download an appropriate data analytic model from the public computing cloud, locally train (for example, reinforcement learning) the model, and locally execute the trained model to obtain prediction information from collected IoT device data. The home computing cloud also allows direct access of the connected IoT devices by user applications via the internet, through a protocols gateway and an IoT message translator.;Computime Ltd;;;;NG Yau Wai;;CHOI Hung Bun;;CHU Chun Kit;;;;;;;;;;;;;;Banner & Witcoff ;011398.00211\WO;6/4/2021;PCT/US2021/025958;;;;14/10/2021;WO2021207191A1;;;;;
;;;EP;;fz.ye;0;;;;;;;;Method And Apparatus To Implement A Home Computing Cloud;;;A home computing system (cloud) integrates a protocols gateway, WiFi router, cloud server, and mass storage device to support one or more Internet of Things (IoT) devices, possibly with different connectively protocols, in a local environment such as a residential home. The home computing cloud often reduces the amount of data traffic sent to a public computing cloud by locally processing collected device data rather than by sending the device data to the public computer cloud for processing. The home computing cloud may download an appropriate data analytic model from the public computing cloud, locally train (for example, reinforcement learning) the model, and locally execute the trained model to obtain prediction information from collected IoT device data. The home computing cloud also allows direct access of the connected IoT devices by user applications via the internet, through a protocols gateway and an IoT message translator.;Computime Ltd;;;;NG Yau Wai;;CHOI Hung Bun;;CHU Chun Kit;;;;;;;;;;;;;;Dehns;;30/1/2019;21783966.1;;;;15/2/2023;EP4133694;;;;;
65268833;PAT;;US;;fz.ye;0;8/11/2039;;;011398.00151\US;;;;Method and Apparatus To Provide Comprehensive Smart Assistant Services;;;An apparatus supports smart assistant services with a plurality of smart service providers. The apparatus includes an audio device that receives a speech signal having a user utterance, captures the user utterance when the user utterance includes a user wake word, and sends the captured utterance to a backend computing device. The backend computing device replaces the user wake word with specific wake words associated with different smart service providers. The processed utterances are then sent to selected smart service providers. The backend computing device subsequently constructs feedback to the user utterance based on voice responses from the different smart service providers. The backend computing device then passes a digital representation of the feedback to the audio device, and the audio device converts the digital representation to an audio reply to the user utterance.;Computime Ltd;;;;CHOI Hung Bun;;PANG Kai Nang;;NG Yau Wai;;LIU Chi Chung;;LEE Tsz Kin;;;;;;;;;;Banner & Witcoff ;011398.00151\US;18/9/2018;16/133899;;;;8/8/2019;US-2019-0244608-A1;1/6/2021;11024307;;;
011398.00139;;;EP;;fz.ye;0;30/1/2039;;;011398.00152\EP;;;;Method and Apparatus to Provide Comprehensive Smart Assistant Services;;;An apparatus supports smart assistant services with a plurality of smart service providers (510). The apparatus includes an audio device (104) that receives a speech signal having a user utterance (154), captures the user utterance when the user utterance includes a user wake word, and sends the captured utterance to a backend computing device (105). The backend computing device replaces the user wake word with specific wake words associated with different smart service providers (502). The processed utterances (551) are then sent to selected smart service providers (502). The backend computing device subsequently constructs feedback to the user utterance based on voice responses from the different smart service providers (553). The backend computing device then passes a digital representation of the feedback (155) to the audio device, and the audio device converts the digital representation to an audio reply to the user utterance.;Computime Ltd;;;;CHOI Hung Bun;;PANG Kai Nang;;NG Yau Wai;;LIU Chi Chung;;LEE Tsz Kin;;;;;;;;;;Banner & Witcoff ;011398.00152\EP;30/1/2019;19154543.3;;;;14/8/2019;EP3525204;6/4/2022;EP3525204B1;;;
011398.00139;PAT;;US;;fz.ye;0;;;;011398.00209\US;;;;Method and Apparatus To Provide Comprehensive Smart Assistant Services;;;An apparatus supports smart assistant services with a plurality of smart service providers. The apparatus includes an audio device that receives a speech signal having a user utterance, captures the user utterance when the user utterance includes a user wake word, and sends the captured utterance to a backend computing device. The backend computing device replaces the user wake word with specific wake words associated with different smart service providers. The processed utterances are then sent to selected smart service providers. The backend computing device subsequently constructs feedback to the user utterance based on voice responses from the different smart service providers. The backend computing device then passes a digital representation of the feedback to the audio device, and the audio device converts the digital representation to an audio reply to the user utterance.;Computime Ltd;;;;CHOI Hung Bun;;PANG Kai Nang;;NG Yau Wai;;LIU Chi Chung;;LEE Tsz Kin;;;;;;;;;;Banner & Witcoff ;011398.00209\US;26/4/2021;17/240340;;;;12/8/2021;US 20210249013 A1;30/7/2024;12051410;;;
11398.00178;;;HK;;fz.ye;1;30/1/2039;;;011398.00178\HK;;;;Method and Apparatus To Provide Comprehensive Smart Assistant Services 提供全方位智能輔助服務的方法和裝置;;;提供全方位智能輔助服務的方法和裝置;Computime Ltd;;;;CHOI Hung Bun;;PANG Kai Nang;;NG Yau Wai;;LIU Chi Chung;;LEE Tsz Kin;;;;;;;;;;CHINAHONGKONG PATENT LIMITED;011398.00178\HK;30/1/2019;42020002625.0;;;;;HK40012269;8/7/2022;HK40012269;;;
69631429;PAT;;US;;fz.ye;0;20/2/2039;;;011398.00154\US;;;;Modulated Heating/Cooling System Control;;;A heating/cooling system modulates the temperature of water flowing through a hydronic emitter by mixing water flows through a mixing valve. The mixing valve has an inlet connect to a water flow pipe, an inlet connected to a water return pipe, and an outlet connected to the hydronic emitter. Water flows through the inlets are configured to obtain a desired mixed water flow at a targeted temperature through the outlet. A controller receives temperature information from a thermometer and then determines the targeted temperature of the outlet. The controller then determines an inlet ratio and configures the mixing valve based on the ratio. The heating/cooling system may support one or more heating/cooling zones and may operate either in a heating or a cooling mode.;Computime Ltd;;;;SMITH Philip John;;;;;;;;;;;;;;;;;;Banner & Witcoff ;011398.00154\US;20/2/2019;16/280237;;;;12/5/2020;US10649508B1;12/5/2020;10649508;;;
011398.00154;;;EP;;fz.ye;0;17/2/2040;;;011398.00176\EP;;;;Modulated Heating/Cooling System Control;;;A heating/cooling system modulates the temperature of water flowing through a hydronic emitter by mixing water flows through a mixing valve. The mixing valve has an inlet connect to a water flow pipe, an inlet connected to a water return pipe, and an outlet connected to the hydronic emitter. Water flows through the inlets are configured to obtain a desired mixed water flow at a targeted temperature through the outlet. A controller receives temperature information from a thermometer and then determines the targeted temperature of the outlet. The controller then determines an inlet ratio and configures the mixing valve based on the ratio. The heating/cooling system may support one or more heating/cooling zones and may operate either in a heating or a cooling mode.;Computime Ltd;;;;SMITH Philip John;;;;;;;;;;;;;;;;;;Banner & Witcoff ;011398.00176\EP;17/2/2020;20157631.1;;;;26/8/2020;EP3699500;3/4/2024;EP3699500B1;;;
011398.00154;;;CN;;fz.ye;1;;;;011398.00177\CN;;;;Modulated Heating/Cooling System Control 调节的加热/冷却系统控制;;;一种加热/冷却系统通过混合流过混合阀的水流来调节流动穿过液体循环发射器的水的温度。所述混合阀具有连接至水流管的入口、连接至回水管的入口以及连接至所述液体循环发射器的出口。流过所述入口的水流被配置成获得以目标温度流过所述出口的所希望的混合水流。控制器从温度计接收温度信息，接着确定所述出口的目标温度。接着，所述控制器确定入口比并基于所述比配置所述混合阀。所述加热/冷却系统可支持一个或多个加热/冷却区，并且可以按加热或冷却模式操作。;Computime Ltd;;;;;;;;;;;;;;;;;;;;;;Banner & Witcoff ;011398.00177\CN;13/2/2020;2020100916757;;;;18/9/2020;CN111678194A;;;;;
011398.00154;;;HK;;fz.ye;0;;;;011398.00201\HK;;;;Modulated Heating/Cooling System Control;;;;Computime Ltd;;;;SMITH Philip John;;;;;;;;;;;;;;;;;;HNC INNOVATION LIMITED;011398.00201\HK;3/12/2020;42020021501.0;;;;19/3/2021;HK40031848;;;;;
;PAT;;CN;;fz.ye;0;;;;011398.00254\CN;;;;Modulated Heating/Cooling System Control 调节的加热/冷却系统控制;;;本申请涉及调节的加热/冷却系统控制。一种加热/冷却系统通过混合流过混合阀的水流来调节流动穿过液体循环发射器的水的温度。所述混合阀具有连接至水流管的入口、连接至回水管的入口以及连接至所述液体循环发射器的出口。流过所述入口的水流被配置成获得以目标温度流过所述出口的所希望的混合水流。控制器从温度计接收温度信息，接着确定所述出口的目标温度。接着，所述控制器确定入口比并基于所述比配置所述混合阀。所述加热/冷却系统可支持一个或多个加热/冷却区，并且可以按加热或冷却模式操作。;金宝通有限公司;;;;菲利普·约翰·史密斯;;;;;;;;;;;;;;;;;;北京安信方达知识产权代理有限公司;011398.00254\CN;28/6/2024;202410861560X;;;;;CN118669993A;;;;;
70739144;PAT;;US;;fz.ye;0;27/8/2039;;;011398.00158\US;;;;Mounting Mechanism for Thermostatic Devices;;;A mounting device facilitates connecting an Internet of Things (IoT) device, such as thermostatic radiator valve (TRV) and automatic temperature balanced actuator (ABA), to a hydronic heating/cooling system to control the temperature of a room by changing the flow of hot/cold water through radiator. The mounting devices includes a male section and a female section, which is attached to the IoT device. The mounting device may be installed in two stages. First, a male section is attached to a component of the hydronic heating/cooling system (for example, a valve or manifold) by threading the male section onto the component. Second, a female section, is positioned to male section and locked into place by releasing a sliding sleeve. The female section (with the IoT device) may be easily removed by retracting the sliding sleeve.;Computime Ltd;;;;CHAN Dick Kwai ;;TAN Ben Ren;;;;;;;;;;;;;;;;Banner & Witcoff ;011398.00158\US;1/4/2019;16/371676;;;;1/10/2020;US-2020-0310474-A1;13/7/2021;11061420;;;
011398.00166;;;EP;;fz.ye;0;9/4/2040;;;011398.00186\EP;;;;Mounting Mechanism for Thermostatic Devices;;;A mounting device 102, 202 facilitates connecting an Internet of Things (IoT) device, such as thermostatic radiator valve (TRV) 101 and automatic temperature balanced actuator (ABA) 201, to a hydronic heating/cooling system to control the temperature of a room by changing the flow of hot/cold water through radiator. The mounting devices includes a male section and a female section, which is attached to the IoT device. The mounting device may be installed in two stages. First, a male section 451a is attached to a component 101, 201 of the hydronic heating/cooling system (for example, a valve 101 or manifold 201) by threading the male section onto the component 101, 201. Second, a female section 452a is positioned to male section 451a and locked into place by rotating a rotary sleeve 302, 405a. The female section 452a (with the IoT device) may be easily removed by rotating the rotary sleeve 302, 405a into an unlock position.;Computime Ltd;;;;CHAN Dick Kwai ;;TAN Ben Ren;;;;;;;;;;;;;;;;Banner & Witcoff ;011398.00186\EP;4/9/2020;20194731.4;;;;10/3/2021;EP3789688;;EP3789688B1;;;
72422089;PAT;;US;;fz.ye;0;7/2/2041;;;011398.00166\US;;;;Mounting Mechanism for Thermostatic Devices;;;A mounting device facilitates connecting an Internet of Things (IoT) device, such as thermostatic radiator valve (TRV) and automatic temperature balanced actuator (ABA), to a hydronic heating/cooling system to control the temperature of a room by changing the flow of hot/cold water through radiator. The mounting devices includes a male section and a female section, which is attached to the IoT device. The mounting device may be installed in two stages. First, a male section is attached to a component of the hydronic heating/cooling system (for example, a valve or manifold) by threading the male section onto the component. Second, a female section, is positioned to male section and locked into place by rotating a rotary sleeve. The female section (with the IoT device) may be easily removed by rotating the rotary sleeve into an unlock position.;Computime Ltd;;;;CHAN Dick Kwai ;;TAN Ben Ren;;;;;;;;;;;;;;;;Banner & Witcoff ;011398.00166\US;5/9/2019;16/561098;;;;11/3/2021;US 20210071794 A1;22/11/2022;11506317;;;
011398.00158;;;EP;;fz.ye;0;20/8/2025;;;011398.00219\EP;;;;Mounting Mechanism For Thermostatic Devices;;;A mounting device facilitates connecting an Internet of Things (IoT) device, such as thermostatic radiator valve (TRV) and automatic temperature balanced actuator (ABA), to a hydronic heating/cooling system to control the temperature of a room by changing the flow of hot/cold water through radiator. The mounting devices includes a male section and a female section, which is attached to the IoT device. The mounting device may be installed in two stages. First, a male section is attached to a component of the hydronic heating/cooling system (for example, a valve or manifold) by threading the male section onto the component. Second, a female section, is positioned to male section and locked into place by releasing a sliding sleeve. The female section (with the IoT device) may be easily removed by retracting the sliding sleeve.;Computime Ltd;;;;CHAN Dick Kwai ;;TAN Ben Ren;;;;;;;;;;;;;;;;Dehns;011398.00219\EP;1/11/2021;20726250.2;;;;9/2/2022; EP3948096;1/11/2023;EP3948096B1;;;
16/371,676 ;;;WO;;fz.ye;1;;;;011398.00179\WO;;;;Mounting Mechanism for Thermostatic Devices;;;A mounting device facilitates connecting an Internet of Things (IoT) device, such as thermostatic radiator valve (TRV) and automatic temperature balanced actuator (ABA), to a hydronic heating/cooling system to control the temperature of a room by changing the flow of hot/cold water through radiator. The mounting devices includes a male section and a female section, which is attached to the IoT device. The mounting device may be installed in two stages. First, a male section is attached to a component of the hydronic heating/cooling system (for example, a valve or manifold) by threading the male section onto the component. Second, a female section, is positioned to male section and locked into place by releasing a sliding sleeve. The female section (with the IoT device) may be easily removed by retracting the sliding sleeve.;Computime Ltd;;;;CHAN Dick Kwai ;;TAN Ben Ren;;;;;;;;;;;;;;;;Banner & Witcoff ;011398.00179\WO;31/3/2020;PCT/US2020/025887;;;;8/10/2020;WO2020205820A1;;;;;
011398.00166;;;HK;;fz.ye;0;;;;011398.00220\HK;;;;Mounting Mechanism for Thermostatic Devices 恆溫裝置的安裝機構;;;;Computime Ltd;;;;CHAN Dick Kwai ;;TAN Ben Ren;;;;;;;;;;;;;;;;DEACONS;011398.00220\HK;10/9/2021;42021038682.7;;;;10/12/2021;HK40048805;;;;;
11398.00218;;;HK;;fz.ye;0;31/3/2040;;;011398.00228\HK;;;;Mounting Mechanism for Thermostatic Devices 恆溫裝置的安裝機構;;;一种安装装置有助于将物联网(IoT)装置，例如恒温散热器阀(TRV)和自动温度平衡致动器(ABA)，连接到循环加热/冷却系统以通过改变通过散热器的热/冷水的流量来控制房间的温度。所述安装装置包括阳区段和附接到所述IoT装置的阴区段。所述安装装置可分两个阶段安装。第一，通过将阳区段旋拧到组件上而将所述阳区段附接到所述循环加热/冷却系统的所述组件(例如阀或歧管)。第二，将阴区段定位到阳区段且通过释放滑动套管将其锁定到适当位置。可通过缩回所述滑动套管容易地移除所述阴区段(与所述IoT装置)。;Computime Ltd;;;;CHAN Dick Kwai ;;TAN Ben Ren;;;;;;;;;;;;;;;;HNC INNOVATION LIMITED;011398.00228\HK;29/3/2022;62022050782.1;;;;2/12/2022;HK40060835;2/12/2022;HK40060835;;;
011398.00158;PAT;;CN;;fz.ye;0;;;;011398.00218\CN;;;;Mounting Mechanism for Thermostatic Devices 恆溫裝置的安裝機構;;;一种安装装置有助于将物联网(IoT)装置，例如恒温散热器阀(TRV)和自动温度平衡致动器(ABA)，连接到循环加热/冷却系统以通过改变通过散热器的热/冷水的流量来控制房间的温度。所述安装装置包括阳区段和附接到所述IoT装置的阴区段。所述安装装置可分两个阶段安装。第一，通过将阳区段旋拧到组件上而将所述阳区段附接到所述循环加热/冷却系统的所述组件(例如阀或歧管)。第二，将阴区段定位到阳区段且通过释放滑动套管将其锁定到适当位置。可通过缩回所述滑动套管容易地移除所述阴区段(与所述IoT装置)。;金宝通电子（深圳）有限公司;;;;CHAN Dick Kwai ;;TAN Ben Ren;;;;;;;;;;;;;;;;深圳市惠邦知识产权代理事务所;011398.00218\CN;8/10/2021;2020800274448;;;;16/11/2021;CN113661360B;2/8/2022;2020800274448 ;;;
;;;WO;;fz.ye;1;14/8/2028;;;;;;;Multiple devices communicating on a single communication channel with a consecutively sequenced signal;;;The present invention provides apparatuses, methods, and computer readable media for supporting communications for a plurality of transmitter-receiver pairs on a common frequency spectrum. A transmitting device transmits a consecutively sequenced signal sequentially containing messages to a corresponding receiving device. A duty cycle adjustment circuit determines the duration between adjacent messages so that the consecutively sequenced signal is characterized by a randomized duty cycle. The duty cycle adjustment circuit selects the duration from a sequence that is characterized by an average duration. The duty cycle adjustment circuit obtains the duration from an array by determining an index from a function of a random variable. A receiving device receives a consecutively sequenced signal sequentially containing messages from a transmitting device, where the consecutively sequenced signal is characterized by a randomized duty cycle. A processing circuit detects the messages and initiates an error signal when a predetermined number of consecutive invalid messages are detected.;Computime Ltd;;;;WEI Wright;;DING Xin;;FUNG Hardy;;LIU Jason;;;;;;;;;;;;;;14/8/2008;PCT/US2009/073224;;;;18/2/2010;WO2010017772A1;;;;;
011398.00056;;;UK;;fz.ye;1;13/8/2029;;;011398.00095\GB;;;;Multiple devices communicating on a single communication channel with a consecutively sequenced signal;;;The present invention provides apparatuses, methods, and computer readable media for supporting communications for a plurality of transmitter-receiver pairs on a common frequency spectrum. A transmitting device transmits a consecutively sequenced signal sequentially containing messages to a corresponding receiving device. A duty cycle adjustment circuit determines the duration between adjacent messages so that the consecutively sequenced signal is characterized by a randomized duty cycle. The duty cycle adjustment circuit selects the duration from a sequence that is characterized by an average duration. The duty cycle adjustment circuit obtains the duration from an array by determining an index from a function of a random variable. A receiving device receives a consecutively sequenced signal sequentially containing messages from a transmitting device, where the consecutively sequenced signal is characterized by a randomized duty cycle. A processing circuit detects the messages and initiates an error signal when a predetermined number of consecutive invalid messages are detected.;Computime Ltd;;;;WEI Wright;;DING Xin;;FUNG Hardy;;LIU Jason;;;;;;;;;;;;Haseltine Lake Kempner LLP;011398.00095\GB;7/3/2011;GB1102390.0;;;;20/4/2011;"	GB2474615";9/5/2012;GB2474615;;;
41668710;;;US;;fz.ye;1;15/2/2030;;;011398.00056\US;;;;Multiple devices communicating on a single communication channel with a consecutively sequenced signal;;;The present invention provides apparatuses, methods, and computer readable media for supporting communications for a plurality of transmitter-receiver pairs on a common frequency spectrum. A transmitting device transmits a consecutively sequenced signal sequentially containing messages to a corresponding receiving device. A duty cycle adjustment circuit determines the duration between adjacent messages so that the consecutively sequenced signal is characterized by a randomized duty cycle. The duty cycle adjustment circuit selects the duration from a sequence that is characterized by an average duration. The duty cycle adjustment circuit obtains the duration from an array by determining an index from a function of a random variable. A receiving device receives a consecutively sequenced signal sequentially containing messages from a transmitting device, where the consecutively sequenced signal is characterized by a randomized duty cycle. A processing circuit detects the messages and initiates an error signal when a predetermined number of consecutive invalid messages are detected.;Computime Ltd;;;;WEI Wright;;DING Xin;;FUNG Hardy;;LIU Jason;;;;;;;;;;;;Banner & Witcoff ;011398.00056\US;14/8/2008;12/191679;;;;18/2/2010;US-2010-0040132-A1;16/8/2011;8000385;;;
67105719;PAT;;US;;fz.ye;0;15/1/2028;;;011398.00138\US;;;;Pulse Modulated Heating, Ventilation, and Air Conditioning (HVAC) Control;;;An underfloor heating (UFH) system limits the floor temperature of an environmental entity (for example, a room) by pulsing (pulse modulating) the flow rate through a hydronic emitter (circuit) heating the environmental entity. Once the heated water fills the circuit during time interval Ton, the flow is stopped for a fixed time Toff before allowing the cycle to repeat until a target temperature is reached. The ratio of flow/no flow (Ton/Toff) may be a proportional lower floor temperature compared to a traditional circuit supporting a constant water flow. The UFH system may heat a plurality of rooms, each having different floor temperature limitations. The floor temperatures may be limited differently by pulsing the hydronic emitters (circuits) rooms differently.;Computime Ltd;;;;SMITH Philip John;;;;;;;;;;;;;;;;;;Banner & Witcoff ;011398.00138\US;27/6/2018;16/020180;;;;2/1/2020;US 20200003431 A1;14/7/2020;10712021;;;
011398.00138;;;EP;;fz.ye;0;25/6/2039;;;011398.00159\EP;;;;Pulse Modulated Heating, Ventilation, and Air Conditioning (HVAC) Control;;;An underfloor heating (UFH) system limits the floor temperature of an environmental entity (for example, a room) by pulsing (pulse modulating) the flow rate through a hydronic emitter (circuit) heating the environmental entity. Once the heated water fills the circuit during time interval T<sub>on</sub>, the flow is stopped for a fixed time T<sub>off</sub>before allowing the cycle to repeat until a target temperature is reached. The ratio of flow/no flow (T<sub>on</sub>/T<sub>off</sub>) may be a proportional lower floor temperature compared to a traditional circuit supporting a constant water flow. The UFH system may heat a plurality of rooms, each having different floor temperature limitations. The floor temperatures may be limited differently by pulsing the hydronic emitters (circuits) rooms differently.;Computime Ltd;;;;SMITH Philip John;;;;;;;;;;;;;;;;;;Banner & Witcoff ;011398.00159\EP;25/6/2019;19182422.6;;;;1/1/2020;EP3587932;24/8/2022;EP3587932B1;;;
011398.00138;;;HK;;fz.ye;0;;;;011398.00195\HK;;;;Pulse Modulated Heating, Ventilation, and Air Conditioning (HVAC) Control;;;;Computime Ltd;;;;SMITH Philip John;;;;;;;;;;;;;;;;;;DEACONS;011398.00195\HK;2/7/2020;42020010370.3;;;;23/10/2020;HK40020324;;;;;
11398.00125;PAT;;EP;;fz.ye;0;17/6/2038;;;011398.00161\EP;;;;Push Pin Bearing Mechanism for Actuators;;;A thermostatic radiator valve (TRV) assembly or automatic temperature balanced actuator (ABA) assembly controls a manifold assembly through a push pin bearing mechanism. The push pin bearing mechanism comprises a push pin that moves in a linear direction responsive to rotational movement of a motor gear that is coupled through a helical gear. Rotational movement of the push pin is prevented by a ball bearing assembly. Movement of the push pin is transferred to a manifold pin, which in turn, controls the manifold assembly. Because the push pin moves in a linear rather than a rotational fashion, erosion of the mated manifold pin is substantially reduced with respect to transitional approaches.;Computime Ltd;;;;CHAN Dick Kwai ;;HA Wai-Leung;;TAN Ben Ren;;YILMAZ Hamza;;;;;;;;;;;;Banner & Witcoff ;011398.00161\EP;17/7/2018;18184018.2;;;;17/7/2019;EP3511635;7/9/2022;EP3511635B1;;;
62599463;PAT;;US;;fz.ye;0;10/9/2038;;;011398.00133\US;;;;Push Pin Bearing Mechanism for Actuators;;;A thermostatic radiator valve (TRV) assembly or automatic temperature balanced actuator (ABA) assembly controls a manifold assembly through a push pin bearing mechanism. The push pin bearing mechanism comprises a push pin that moves in a linear direction responsive to rotational movement of a motor gear that is coupled through a helical gear. Rotational movement of the push pin is prevented by a ball bearing assembly. Movement of the push pin is transferred to a manifold pin, which in turn, controls the manifold assembly. Because the push pin moves in a linear rather than a rotational fashion, erosion of the mated manifold pin is substantially reduced with respect to transitional approaches.A thermostatic radiator valve (TRV) assembly or automatic temperature balanced actuator (ABA) assembly controls a manifold assembly through a push pin bearing mechanism. The push pin bearing mechanism comprises a push pin that moves in a linear direction responsive to rotational movement of a motor gear that is coupled through a helical gear. Rotational movement of the push pin is prevented by a ball bearing assembly. Movement of the push pin is transferred to a manifold pin, which in turn, controls the manifold assembly. Because the push pin moves in a linear rather than a rotational fashion, erosion of the mated manifold pin is substantially reduced with respect to transitional approaches.;Computime Ltd;;;;CHAN Dick Kwai ;;HA Wai-Leung;;TAN Ben Ren;;YILMAZ Hamza;;;;;;;;;;;;Banner & Witcoff ;011398.00133\US;12/1/2018;15/869859;;;;27/12/2018;US-2018-0372342-A1;22/12/2020;10871293;;;
11398.00125;;;AU;;fz.ye;1;;;;011398.00135\AU;;;;Push Pin Bearing Mechanism for Actuators;;;A thermostatic radiator valve (TRV) assembly or automatic temperature balanced actuator (ABA) assembly controls a manifold assembly through a push pin bearing mechanism. The push pin bearing mechanism comprises a push pin that moves in a linear direction responsive to rotational movement of a motor gear that is coupled through a helical gear. Rotational movement of the push pin is prevented by a ball bearing assembly. Movement of the push pin is transferred to a manifold pin, which in turn, controls the manifold assembly. Because the push pin moves in a linear rather than a rotational fashion, erosion of the mated manifold pin is substantially reduced with respect to transitional approaches.;Computime Ltd;;;;CHAN Dick Kwai ;;HA Wai-Leung;;TAN Ben Ren;;YILMAZ Hamza;;;;;;;;;;;;Banner & Witcoff ;011398.00135\AU;26/6/2018;2018204622;;;;;;26/6/2018;2018204622;;;
62599463;PAT;DIV;US;;fz.ye;0;;;;011398.00202\US;;;;Push Pin Bearing Mechanism for Actuators;;;A thermostatic radiator valve (TRV) assembly or automatic temperature balanced actuator (ABA) assembly controls a manifold assembly through a push pin bearing mechanism. The push pin bearing mechanism comprises a push pin that moves in a linear direction responsive to rotational movement of a motor gear that is coupled through a helical gear. Rotational movement of the push pin is prevented by a ball bearing assembly. Movement of the push pin is transferred to a manifold pin, which in turn, controls the manifold assembly. Because the push pin moves in a linear rather than a rotational fashion, erosion of the mated manifold pin is substantially reduced with respect to transitional approaches.;Computime Ltd;;;;CHAN Dick Kwai ;;YILMAZ Hamza;;TAN Ben Ren;;HA Wai-Leung;;;;;;;;;;;;Banner & Witcoff ;011398.00202\US;9/11/2020;17/093017;;;;25/2/2021;US-2021-0055006-A1;28/6/2022;11371721;;;
011398.00125;;;HK;;fz.ye;0;26/6/2038;;;011398.00165\HK;;;;Push Pin Bearing Mechanism for Actuators 用於致動器的推銷軸承機構;;;一种恒温散热器阀(TRV)组件或自动温度平衡致动器(ABA)组件，通过推销轴承机构控制歧管组件。推销轴承机构包括：推销，其响应于马达齿轮的旋转运动而沿直线方向运动，马达齿轮通过螺旋齿轮联接。推销的旋转运动被球轴承组件阻止。推销的运动传递到歧管销，该歧管销进而控制歧管组件。由于推销以直线方式运动而非以旋转方式运动，因而配合的歧管销的侵蚀相对于过渡方式实质减小。;Computime Ltd;;;;CHAN Dick Kwai ;;HA Wai-Leung;;TAN Ben Ren;;YILMAZ Hamza;;;;;;;;;;;;LIU, SHEN & ASSOCIATES;011398.00165\HK;2/7/2019;19126151.0;;;;3/4/2020;HK40002903;26/6/2018;HK40002903;;;
011398.00125;PAT;;CN;;fz.ye;0;26/6/2038;;;011398.00136\CN;;;;Push Pin Bearing Mechanism for Actuators 用於致動器的推銷軸承機構;;;一种恒温散热器阀(TRV)组件或自动温度平衡致动器(ABA)组件，通过推销轴承机构控制歧管组件。推销轴承机构包括：推销，其响应于马达齿轮的旋转运动而沿直线方向运动，马达齿轮通过螺旋齿轮联接。推销的旋转运动被球轴承组件阻止。推销的运动传递到歧管销，该歧管销进而控制歧管组件。由于推销以直线方式运动而非以旋转方式运动，因而配合的歧管销的侵蚀相对于过渡方式实质减小。;金宝通电子（深圳）有限公司;;;;CHAN Dick Kwai ;;HA Wai-Leung;;TAN Ben Ren;;YILMAZ Hamza;;;;;;;;;;;;深圳市惠邦知识产权代理事务所;011398.00136\CN;26/6/2018;201810670302.8;;;;4/1/2019;CN109140031A;28/9/2021;2018106703028;;;
011398.00050;;;UK;;fz.ye;1;25/3/2029;;;011398.00092\GB;;;;Receiver Module with Dual Mode Capability;;;A hybrid device receives a control signal over an infrared communication channel or a wireless networking channel. The hybrid device can replace an IR receiver module in the controlled device in order to provide backward compatibility as well as provide universal operation with a wireless networking controller. The hybrid device processes a signal received over one of the communication channels. When a signal is received over the infrared communication channel, the processor converts the signal to an output code that is sent to a device controller. When a signal is received over the wireless networking communication channel, the processor converts the signal to a wireless command, converts the wireless conunand to an output code, and sends the output code to the device controller. All output codes are transparent for the two communication channels.;Computime Ltd;;;;HA Wai-Leung;;LEI Kairy Kai;;QIAN Gordon;;;;;;;;;;;;;;Haseltine Lake Kempner LLP;011398.00092\GB;7/10/2010;GB1016879.7;;;;5/1/2011;GB2471604;8/8/2012;GB2471604;;;
11398.0005;;;DE;;fz.ye;0;;;;011398.00091\DE;;;;Receiver Module with Dual Mode Capability;Empfänger-Modul mit Dual-Mode-Funktion;;The present invention supports the remote control of a controlled device. A hybrid device receives a control signal over an infrared communications channel or a wireless networking channel. The hybrid device can replace an IR receiver module in the controlled device in order to provide backward compatibility as well as provide universal operation with a wireless networking controller. The hybrid device processes a signal received over one of the communications channels. When a signal is received over the infrared communications channel, the processor converts the signal to an output code that is sent to a device controller. When a signal is received over the wireless networking communications channel, the processor converts the signal to a wireless command, converts the wireless command to an output code, and sends the output code to the device controller. All output codes are transparent for the two communications channels;Computime Ltd;;;;HA Wai-Leung;;LEI Kairy Kai;;QIAN Gordon;;;;;;;;;;;;;;Banner & Witcoff ;011398.00091\DE;23/9/2010;112009000770.8;;;;15/6/2022;DE112009000770B4;15/6/2022;DE112009000770B4;;;
41112976;;;US;;fz.ye;1;8/9/2030;;;011398.00050\US;;;;Receiver Module with Dual Mode Capability;;;The present invention supports the remote control of a controlled device. A hybrid device receives a control signal over an infrared communications channel or a wireless networking channel. The hybrid device can replace an IR receiver module in the controlled device in order to provide backward compatibility as well as provide universal operation with a wireless networking controller. The hybrid device processes a signal received over one of the communications channels. When a signal is received over the infrared communications channel, the processor converts the signal to an output code that is sent to a device controller. When a signal is received over the wireless networking communications channel, the processor converts the signal to a wireless command, converts the wireless command to an output code, and sends the output code to the device controller. All output codes are transparent for the two communications channels.;Computime Ltd;;;;HA Wai-Leung;;LEI Kairy Kai;;QIAN Gordon;;;;;;;;;;;;;;Banner & Witcoff ;011398.00050\US;26/3/2008;12/055497;;;;1/10/2009;US-2009-0247097-A1;13/3/2012;8134454 ;;;
40193521;;;US;;fz.ye;0;28/6/2026;;;011398.00039\US;;;;Recording and conveying energy consumption and power information;;;Aspects of the invention provide apparatuses, methods, and systems that support measuring and conveying energy consumption by an electrical device. An apparatus includes an energy sensor that measures an incremental energy value consumed by an electrical device. Apparatus obtains the incremental energy value, accumulates an energy usage measurement in accordance with the incremental energy value, provides requested information about energy consumption of the electrical device in response to a request from a network controller, and adjusts the energy usage measurement in accordance with the requested information. The total energy consumption may be partitioned into at least one energy component, in which the at least one energy component corresponds to the energy consumption of the electrical device during an associated time interval. A network controller may use the energy consumption information to determine a new set temperature for a thermostat unit that instructs the device control logic.Aspects of the invention provide apparatuses, methods, and systems that support measuring and conveying energy consumption by an electrical device. An apparatus includes an energy sensor that measures an incremental energy value consumed by an electrical device. Apparatus obtains the incremental energy value, accumulates an energy usage measurement in accordance with the incremental energy value, provides requested information about energy consumption of the electrical device in response to a request from a network controller, and adjusts the energy usage measurement in accordance with the requested information. The total energy consumption may be partitioned into at least one energy component, in which the at least one energy component corresponds to the energy consumption of the electrical device during an associated time interval. A network controller may use the energy consumption information to determine a new set temperature for a thermostat unit that instructs the device control logic.;Computime Ltd;;;;HA Wai-Leung;;LEI Kairy Kai;;;;;;;;;;;;;;;;Banner & Witcoff ;011398.00039\US;28/6/2007;11/770054;;;;3/1/2008;US-2008/0001595-A1;15/9/2009;7590499;;;
;;;WO;;fz.ye;1;;;;;;;;Remote controller and method used therein;;;A remote controller (101) of a plurality of controlled devices. With three dimensional accelerometer (203), detection of a user action on a remote controller (101) and the orientation of the remote controller (101) are viable through small electronic devices. Aspects of the invention are based on the three dimensional accelerometer (203) to provide a remote controller (101) that can detect the user action. Based on the user action, the remote controller (101) transmits a signal to the controlled device which conveys the corresponding command. A selected controlled device may be matched to the remote controller (101). The remote controller (101) and controlled device may also support a learning mode, in which the controlled device sends a list of supported commands to the remote controller (101). The remote controller (101) then matches an associated action with each command in the command list.;Computime Ltd;;;;HA Wai-Leung;;LEI Kairy Kai;;QIAN Gordon;;;;;;;;;;;;;;;;19/3/2008;PCT/CN2009/070879;;;;24/9/2009;WO2009115046A1;;;;;
011398.00047;;;DE;;fz.ye;0;19/3/2029;;;011398.00085\DE;;;;Remote Controller and Method Used Therein;Fernbedienung und Verfahren hierfür;;The present invention supports the control of a plurality of controlled devices. With three dimensional accelerometer components, detection of a user action on a remote controller and the orientation of the remote controller are viable through small electronic devices. Aspects of the invention are based on the three dimensional accelerometer components to provide a remote controller that can detect the user action. Based on the user action, the remote controller transmits a signal to the controlled device which conveys the corresponding command. A selected controlled device may be matched to the remote controller. The remote controller and controlled device may also support a learning mode, in which the controlled device sends a list of supported commands to the remote controller. The remote controller then matches an associated action with each command in the command list.;Computime Ltd;;;;HA Wai-Leung;;LEI Kairy Kai;;QIAN Gordon;;;;;;;;;;;;;;Banner & Witcoff ;011398.00085\DE;13/9/2010;112009000596.9;;;;20/5/2021;DE112009000596B4;20/5/2021;DE112009000596B4;;;
011398.00047;;;UK;;fz.ye;0;19/3/2029;;;011398.00086\GB;;;;Remote controller and method used therein;;;A remote controller (101) of a plurality of controlled devices. With three dimensional accelerometer (203), detection of a user action on a remote controller (101) and the orientation of the remote controller (101) are viable through small electronic devices. Aspects of the invention are based on the three dimensional accelerometer (203) to provide a remote controller (101) that can detect the user action. Based on the user action, the remote controller (101) transmits a signal to the controlled device which conveys the corresponding command. A selected controlled device may be matched to the remote controller (101). The remote controller (101) and controlled device may also support a learning mode, in which the controlled device sends a list of supported conunands to the remote controller (101). The remote controller (101) then matches an associated action with each command in the command list.;Computime Ltd;;;;QIAN Gordon;;;;;;;;;;;;;;;;;;Banner & Witcoff ;011398.00086\GB;9/8/2010;GB1013374.2;;;;8/12/2010;GB2470844;28/11/2012;GB2470844;;;
59961243;;;US;;fz.ye;0;21/7/2037;;;011398.00119\US;;;;Robust and High Current Smart-Plug;;;A smart plug that is partitioned into a plurality of printed circuit boards (PCBs) in a three dimensional manner to reduce its size. Aspects consider the effect of the possible increased internal temperature as the size of the smart plug is reduced. For example, thick metal foils connect various components of a smart plug to reduce heat dissipation within the smart plug. Also, a metal foil may transfer heat from contact metal on a PCB to a side wall of a plastic housing of the smart plug. The smart plug may comprise a computing device that obtains information identifying the attached electrical device and accesses device data about the time duration during which the attached electrical device exhibits transient characteristics. The computing device then uses the accessed data to effectively control the attached electrical device.;Computime Ltd;;;;CHAN Dick Kwai ;;LAM Kam Wai;;ZHENG JZ;;SHUM Wai Yin;;JUDGE, Brenton James;;YILMAZ Hamza;;YEUNG Patrick;;WU Wai Ming;;;;Banner & Witcoff ;011398.00119\US;23/1/2017;15/412841;;;;5/10/2017;US 20170288456 A1;14/5/2019;10291065;;;
011398.00110;;;TW;;fz.ye;0;22/3/2037;;;011398.00121\TW;;;;Robust and High Current Smart-Plug 穩健且高電流的智慧插頭;;;"智慧插頭以三維方式分割成多個印刷電路板(PCB)以減小其尺寸。多個方面考慮當智慧插頭的
尺寸減小時可能增加的內部溫度的影響。比如厚金屬箔連接智慧插頭的各種部件以減少智慧插頭內
的熱耗散。此外,金屬箔可以將熱從PCB上的接觸金屬傳遞到智慧插頭的塑膠殼體的側壁。智慧
插頭可包括計算設備,其獲得標識所附接的電氣設備的資訊,並且存取關於附接的電氣設備表現出
瞬態特性的持續時間的設備資料。計算設備然後使用所存取的資料來有效地控制所連接的電氣設
備。";Computime Ltd;;;;CHAN Dick Kwai ;;LAM Kam Wai;;ZHENG JZ;;SHUM Wai Yin;;JUDGE, Brenton James;;YILMAZ Hamza;;YEUNG Wai Wing;;WU Wai Ming;;;;Banner & Witcoff ;011398.00121\TW;23/3/2017;TW106109744;;;;16/10/2017;TW201737589A;21/12/2020;TWI713715B;;;
64308500;PAT;;US;;fz.ye;0;8/1/2039;;;011398.00149\US;;;;Scalable Smart Environment for Controlling a Plurality of Controlled Apparatuses Using a Connection Hub to Route a Processed Subset of Control Data Received from a Cloud Computing Resource to Terminal Units;;;Building blocks for a smart device such as a thermostat include a user interface (UI) unit and a terminal (TML) unit. A UI unit may support one or more input data from a user and/or sensors and/or one or more control terminals. The UI unit may process each input datum or a combination of the input data, generate a control signal to one or more control terminals based on the processing, and send the control signal to one or more control terminals over a communication channel. A terminal unit, which may consist of one or more control terminals, transforms the received control signal into one or more controls to one or more associated environmental generators. One or more UI units may control one or more controlled apparatuses in conjunction with a mobile app to allow a unified user experience.;Computime Ltd;;;;CHOI Hung Bun;;HA Wai-Leung;;CHAN Leung Yin;;NG Yau Wai;;LIU Chi Chung;;LI Luke;;LEE Tsz Kin;;CHAN Chi Lung;;YILMAZ Hamza;;Banner & Witcoff ;011398.00149\US;17/7/2018;16/037140;;;;9/5/2019;US 20190140856 A1;19/1/2021;10897374;;;
011398.00131;;;HK;;fz.ye;1;;;;011398.00170\HK;;;;Scalable Smart Environment with Gateway Thermostat;;;;Computime Ltd;;;;CHOI Hung Bun;;HA Wai-Leung;;CHAN Leung Yin;;NG Yau Wai;;LIU Chi Chung;;LI Luke;;LEE Tsz Kin;;CHAN Chi Lung;;YILMAZ Hamza;;CHINAHONGKONG IP LIMITED;011398.00170\HK;8/11/2019;19132057.1;;;;19/6/2020;HK40008827;;;;;
64308500;;DIV;US;;fz.ye;1;;;;011398.00204\US;;;;Scalable Smart Environment with Gateway Thermostat;;;Building blocks for a smart device such as a thermostat include a user interface (UI) unit and a terminal (TML) unit. A UI unit may support one or more input data from a user and/or sensors and/or one or more control terminals. The UI unit may process each input datum or a combination of the input data, generate a control signal to one or more control terminals based on the processing, and send the control signal to one or more control terminals over a communication channel. A terminal unit, which may consist of one or more control terminals, transforms the received control signal into one or more controls to one or more associated environmental generators. One or more UI units may control one or more controlled apparatuses in conjunction with a mobile app to allow a unified user experience.;Computime Ltd;;;;CHOI Hung Bun;;HA Wai-Leung;;CHAN Leung Yin;;NG Yau Wai;;LIU Chi Chung;;LI Luke;;LEE Tsz Kin;;CHAN Chi Lung;;YILMAZ Hamza;;;011398.00204\US;15/1/2021;17/150538;;;;13/5/2021;20210144025;;;;;
58044163;;;US;;fz.ye;0;14/6/2038;;;011398.00111\US;;;;Single Thermostat with Multiple Thermostatic Radiator Valve Controllers;;;A heating system includes a single thermostat that controls multiple thermostatic radiator valve (TRV) controllers that control heat transfer to radiators in a room. Each TRV controller has the capability to automatically detect the open/closing point and maximum heating point and to register corresponding pin positions of the valve. Each TRV controller is subsequently instructed by the thermostat to adjust the valve in relation to a determined percentage of the registered pin positions, thus accounting for the varying characteristics among the valves in the system. The TRV controller detects the maximum heating point by checking the rate of temperature rising and the open/closing point by sensing the temperature turning point through a temperature sensor situated appropriately in relation to the associated radiator.;Computime Ltd;;;;HA Wai-Leung;;SMITH Philip John;;LIAO Hong Bin;;;;;;;;;;;;;;Banner & Witcoff ;011398.00111\US;1/9/2016;15/254042;;;;1/3/2018;US 20180058705 A1;3/3/2020;10578318;;;
011398.00131;PAT;;EP;;fz.ye;0;27/1/2037;;;011398.00157\EP;;;;Single Thermostat with Multiple Thermostatic Radiator Valve Controllers;;;A heating system includes a single thermostat that controls multiple thermostatic radiator valve (TRV) controllers that control heat transfer to radiators in a room. Each TRV controller has the capability to automatically detect the open/closing point and maximum heating point and to register corresponding pin positions of the valve. Each TRV controller is subsequently instructed by the thermostat to adjust the valve in relation to a determined percentage of the registered pin positions, thus accounting for the varying characteristics among the valves in the system. The TRV controller detects the maximum heating point by checking the rate of temperature rising and the open/closing point by sensing the temperature turning point through a temperature sensor situated appropriately in relation to the associated radiator.;Computime Ltd;;;;HA Wai-Leung;;SMITH Philip John;;LIAO Hong Bin;;;;;;;;;;;;;;Banner & Witcoff ;011398.00157\EP;1/4/2019;17705221.4;;;;10/7/2019;EP3507671;18/9/2024;EP3507671B1;;;
011398.00111;;;HK;;fz.ye;0;27/1/2037;;;011398.00171\HK;;;;Single Thermostat with Multiple Thermostatic Radiator Valve Controllers 具有多個恆溫散熱器閥控制器的單個恆溫器;;;一种加热系统，包括控制多个恒温散热器阀(TRV)控制器的单个恒温器，所述多个TRV控制器对热量传递到房间中的散热器进行控制。每个TRV控制器有能力自动地检测打开/关闭点和最大加热点以及登记阀的相应销位置。每个TRV控制器随后受恒温器指示以关于所登记的销位置的确定的百分比来调整所述阀，从而得到该系统中的多个阀之间的变化特性。TRV控制器通过检查温度升高速率来检测最大加热点以及通过利用温度传感器感测温度转折点来检测打开/关闭点，该温度传感器相对于相关联的散热器而适当放置。;Computime Ltd;;;;HA Wai-Leung;;SMITH Philip John;;LIAO Hong Bin;;;;;;;;;;;;;;HKIPA Limited;011398.00171\HK;19/11/2019;19132411.0;;;;12/6/2020;HK40008561;14/4/2022;HK40008561;;;
011398.00111;PAT;;CN;;fz.ye;0;27/1/2037;;;011398.00160\CN;;;;Single Thermostat with Multiple Thermostatic Radiator Valve Controllers 具有多個恆溫散熱器閥控制器的單個恆溫器;;;一种加热系统，包括控制多个恒温散热器阀(TRV)控制器的单个恒温器，所述多个TRV控制器对热量传递到房间中的散热器进行控制。每个TRV控制器有能力自动地检测打开/关闭点和最大加热点以及登记阀的相应销位置。每个TRV控制器随后受恒温器指示以关于所登记的销位置的确定的百分比来调整所述阀，从而得到该系统中的多个阀之间的变化特性。TRV控制器通过检查温度升高速率来检测最大加热点以及通过利用温度传感器感测温度转折点来检测打开/关闭点，该温度传感器相对于相关联的散热器而适当放置。;金宝通电子（深圳）有限公司;;;;HA Wai-Leung;;SMITH Philip John;;LIAO Hong Bin;;;;;;;;;;;;;;深圳市惠邦知识产权代理事务所;011398.00160\CN;25/4/2019;2017800661665;;;;18/6/2019;CN109906417A;14/9/2021;2017800661665;;;
011398.00103;;;DE;;fz.ye;0;3/8/2033;;;011398.00104\DE;;;;Sleep Mode Operation for Networked End Devices;etrieb im Schlafmodus bei vernetzten Endgeräten;;A technique provides apparatuses, methods, and computer readable media for sending sleep information from an end device to a central unit of a network, in which the wake-up time of the end device is aligned to the scanning time for the central unit. The technique addresses at least two considerations: the clock accuracy of the end device is accounted for, and the reason that the end device requests sleep mode operation is provided. To address the above considerations, the end device may send its clock tolerance information and/or request for sleep mode (RSM) command to the central unit once the end device is connected via the network. The central unit may then adjust the scanning time based on the clock tolerance information. If the central unit receives a response from the end device during the adjusted scanning time, the central unit deems that the end device is still connected.;Computime Ltd;;;;HA Wai-Leung;;LEI Kairy Kai;;KAM Kwok Wa Kenny;;;;;;;;;;;;;;Banner & Witcoff ;011398.00104\DE;3/8/2013;102013108346.3;;;;13/2/2014;DE102013108346A1;15/7/2021; DE102013108346A1;;;
011398.00103;;DIV;UK;;fz.ye;0;25/7/2033;;;011398.00106\GB;;;;Sleep Mode Operation for Networked End Devices;;;A technique provides apparatuses, methods, and computer readable media for sending sleep information from an end device to a central unit of a network, in which the wake-up time of the end device is aligned to the scanning time for the central unit. The technique addresses at least two considerations: the clock accuracy of the end device is accounted for, and the reason that the end device requests sleep mode operation is provided. To address the above considerations, the end device may send its clock tolerance information and/or request for sleep mode (RSM) command to the central unit once the end device is connected via the network. The central unit may then adjust the scanning time based on the clock tolerance information. If the central unit receives a response from the end device during the adjusted scanning time, the central unit deems that the end device is still connected.;Computime Ltd;;;;HA Wai-Leung;;LEI Kairy Kai;;KAM Kwok Wa Kenny;;;;;;;;;;;;;;Banner & Witcoff ;011398.00106\GB;26/9/2014;GB1417071.6;;;;24/12/2014;"	GB2515424";22/7/2015;GB2515424;;;
011398.00103;;;UK;;fz.ye;0;25/7/2033;;;011398.00105\GB;;;;Sleep Mode Operation for Networked End Devices;;;A technique provides apparatuses, methods, and computer readable media for sending sleep information from an end device to a central unit of a network, in which the wake-up time of the end device is aligned to the scanning time for the central unit. The technique addresses at least two considerations: the clock accuracy of the end device is accounted for, and the reason that the end device requests sleep mode operation is provided. To address the above considerations, the end device may send its clock tolerance information and/or request for sleep mode (RSM) command to the central unit once the end device is connected via the network. The central unit may then adjust the scanning time based on the clock tolerance information. If the central unit receives a response from the end device during the adjusted scanning time, the central unit deems that the end device is still connected.;Computime Ltd;;;;HA Wai-Leung;;LEI Kairy Kai;;KAM Kwok Wa Kenny;;;;;;;;;;;;;;Banner & Witcoff ;011398.00105\GB;25/7/2013;GB1313252.7 GB1417071.6;;;;26/3/2014;"	GB2506254";25/2/2015;GB2506254;;;
011398.00103;;;US;;fz.ye;0;27/6/2033;;;011398.00103\US;;;;Sleep Mode Operation for Networked End Devices;;;A technique provides apparatuses, methods, and computer readable media for sending sleep information from an end device to a central unit of a network, in which the wake-up time of the end device is aligned to the scanning time for the central unit. The technique addresses at least two considerations: the clock accuracy of the end device is accounted for, and the reason that the end device requests sleep mode operation is provided. To address the above considerations, the end device may send its clock tolerance information and/or request for sleep mode (RSM) command to the central unit once the end device is connected via the network. The central unit may then adjust the scanning time based on the clock tolerance information. If the central unit receives a response from the end device during the adjusted scanning time, the central unit deems that the end device is still connected.;Computime Ltd;;;;HA Wai-Leung;;LEI Kairy Kai;;KAM Kwok Wa Kenny;;;;;;;;;;;;;;Banner & Witcoff ;011398.00103\US;9/8/2012;13/570606;;;;13/2/2014;US 20140047254 A1;12/1/2016;9237524;;;
011398.00127;;;AU;;fz.ye;0;8/8/2038;;;011398.00148\AU;;;;Smart and Robust Wall Socket with Integrated Universal Serial Bus (USB);;;SA smart electrical plug supports one or more electrical outlets and one or more universal serial bus (USB) outlets for charging electrical devices. Electrical power consumed through the one or more electrical outlets may be measured individually or in combination and reported via a wireless communication channel. The smart electrical plug may be implemented by a plurality of printed circuit board assemblies and distributed within a housing to reduce the effects of heat dissipation. The smart electrical plug may further reduce heat dissipation by utilizing one or more electrical circuit approaches.;Computime Ltd;;;;ZHOU FP;;LIU Kevin;;CHEN ZH;;TAO Tom;;XU Jerry;;HO Michael;;CHOI Hung Bun;;YILMAZ Hamza;;;;Banner & Witcoff ;011398.00148\AU;8/8/2018;2018214046;;;;2/12/2021;;17/3/2022;2018214046;;;
63363999;PAT;;US;;fz.ye;0;13/6/2038;;;011398.00140\US;;;;Smart and Robust Wall Socket With Integrated Universal Serial Bus (USB);;;A smart electrical plug supports one or more electrical outlets and one or more universal serial bus (USB) outlets for charging electrical devices. Electrical power consumed through the one or more electrical outlets may be measured individually or in combination and reported via a wireless communication channel. The smart electrical plug may be implemented by a plurality of printed circuit board assemblies and distributed within a housing to reduce the effects of heat dissipation. The smart electrical plug may further reduce heat dissipation by utilizing one or more electrical circuit approaches.;Computime Ltd;;;;YILMAZ Hamza;;CHOI Hung Bun;;HO Michael;;XU Jerry;;ZHOU FP;;TAO Tom;;CHEN ZH;;LIU Kevin;;;;Banner & Witcoff ;011398.00140\US;21/5/2018;15/985187;;;;28/2/2019;US 20190067883 A1;23/3/2021;10958019;;;
011398.00127;;;EP;;fz.ye;0;22/8/2038;;;;;;;Smart and Robust Wall Socket with Integrated Universal Serial Bus (USB);;;A smart electrical plug supports one or more electrical outlets and one or more universal serial bus (USB) outlets for charging electrical devices. Electrical power consumed through the one or more electrical outlets may be measured individually or in combination and reported via a wireless communication channel. The smart electrical plug may be implemented by a plurality of printed circuit board assemblies and distributed within a housing to reduce the effects of heat dissipation. The smart electrical plug may further reduce heat dissipation by utilizing one or more electrical circuit approaches.;Computime Ltd;;;;YILMAZ Hamza;;CHOI Hung Bun;;HO Michael;;XU Jerry;;ZHOU FP;;TAO Tom;;CHEN ZH;;LIU Kevin;;;;"	Haseltine Lake Kempner LLP";;22/8/2018;18190287.5;;;;6/3/2019;EP3451480;5/10/2022;EP3451480B1;;;
011398.00127;;;JP;;fz.ye;1;;;;011398.00147\JP;;;;Smart and robust wall socket with integrated universal serial bus (USB);;;A smart electric plug is protected by an overheat protection circuit. A smart electrical plug (100a) supports one or more electrical outlets and one or more universal serial bus (USB) outlets for charging electrical devices. The power consumed through one or more electrical outlets is measured individually or in combination and reported via a wireless communication channel. Smart electrical plugs are implemented by a plurality of printed circuit board assemblies and are distributed within the housing to reduce the effects of heat dissipation. Smart electrical plugs further reduce heat dissipation through the use of one or more electrical circuit techniques. ;Computime Ltd;;;;YILMAZ Hamza;;CHOI Hung Bun;;HO Michael;;XU Jerry;;ZHOU FP;;TAO Tom;;CHEN ZH;;LIU Kevin;;;;Banner & Witcoff ;011398.00147\JP;6/8/2018; JP2018147601A;;;;22/3/2019;JP2019047717A;;;;;
011398.00127;;;TW;;fz.ye;0;;;;011398.00146\TW;;;;Smart and Robust Wall Socket with Integrated Universal Serial Bus (USB);;;A smart electrical plug supports one or more electrical outlets and one or more universal serial bus (USB) outlets for charging electrical devices. Electrical power consumed through the one or more electrical outlets may be measured individually or in combination and reported via a wireless communication channel. The smart electrical plug may be implemented by a plurality of printed circuit board assemblies and distributed within a housing to reduce the effects of heat dissipation. The smart electrical plug may further reduce heat dissipation by utilizing one or more electrical circuit approaches.;Computime Ltd;;;;YILMAZ Hamza;;CHOI Hung Bun;;HO Michael;;XU Jerry;;ZHOU FP;;TAO Tom;;CHEN ZH;;LIU Kevin;;;;Banner & Witcoff ;011398.00146\TW;24/7/2018;TW107125547A;;;;1/5/2019;TW201917989A;;;;;
011398.00127;;;EP;;fz.ye;0;22/8/2038;;;011398.00143\EP;;;;Smart and Robust Wall Socket with Integrated Universal Serial Bus (USB);;;A smart electrical plug supports one or more electrical outlets and one or more universal serial bus (USB) outlets for charging electrical devices. Electrical power consumed through the one or more electrical outlets may be measured individually or in combination and reported via a wireless communication channel. The smart electrical plug may be implemented by a plurality of printed circuit board assemblies and distributed within a housing to reduce the effects of heat dissipation. The smart electrical plug may further reduce heat dissipation by utilizing one or more electrical circuit approaches.;Computime Ltd;;;;YILMAZ Hamza;;CHOI Hung Bun;;HO Michael;;XU Jerry;;ZHOU FP;;TAO Tom;;CHEN ZH;;LIU Kevin;;;;Banner & Witcoff ;011398.00143\EP;22/8/2018;18190287.5;;;;6/3/2019;EP3451480;5/10/2022;EP3451480B1;;;
011398.00127;PAT;;CN;;fz.ye;0;24/7/2038;;;011398.00145\CN;;;;SMART AND ROBUST WALL SOCKET WITH INTEGRATED UNIVERSAL SERIAL BUS (USB) 具有集成的通用串行总线（USB）的智能且稳健的墙面插座  ;;;一种智能电气插头支持用于对电气装置进行充电的一个或多个电气插孔及一个或多个通用串行总线(USB)插孔。可个别或结合地测量经由一个或多个电气插孔所消耗的电力并通过无线通信信道进行上报。可通过复数个印刷电路板组件实现智能电气插头，智能电气插头分散于壳体内以减少热耗散效应。智能电气插头可通过利用一个或多个电路途径来进一步减少热耗散。;金宝通电子（深圳）有限公司;;;;YILMAZ Hamza;;蔡鴻彬;;何志誠;;徐松;;周芳平;;陶自榮;;陳澤洪;;劉益龍;;;;深圳市惠邦知识产权代理事务所;011398.00145\CN;24/7/2018;2018108228103;;;;5/3/2019;CN109428247A;21/9/2021;2018108228103;;;
011398.00127;;;HK;;fz.ye;0;24/7/2026;;;011398.00164\HK;;;;Smart and Robust Wall Socket with Integrated Universal Serial Bus (USB) 具有集成的通用串行總線(USB)的智能且穩健的牆面插座;;;一种智能电气插头支持用于对电气装置进行充电的一个或多个电气插孔及一个或多个通用串行总线(USB)插孔。可个别或结合地测量经由一个或多个电气插孔所消耗的电力并通过无线通信信道进行上报。可通过复数个印刷电路板组件实现智能电气插头，智能电气插头分散于壳体内以减少热耗散效应。智能电气插头可通过利用一个或多个电路途径来进一步减少热耗散。;Computime Ltd;;;;YILMAZ Hamza;;蔡鴻彬;;何志誠;;徐松;;周芳平;;陶自榮;;陳澤洪;;劉益龍;;;;HKIPA Limited;011398.00164\HK;17/6/2019;19125365.7;;;;4/3/2022;HK40001780;4/3/2022;HK40001780;;;
78412649;PAT;;US;;fz.ye;0;6/5/2040;;;011398.00181\US;;;;Temperature Compensation For An Electronic Thermostat;;;An aspect of the embodiments provides a compensation for the temperature rise effect on the printed circuit board (PCB) of an electronic thermostat to obtain better precision and performance. Once the measurements from the temperature sensors have stabilized, the compensated ambient temperature may be used by an associated system (for example, a Heating, Ventilation, and Air Conditioning (HVAC) system).;Computime Ltd;;;;NG Yau Wai;;CHOI Hung Bun;;CHU Chun Kit;;;;;;;;;;;;;;Banner & Witcoff ;011398.00181\US;6/5/2020;16/867782;;;;11/11/2021;US 20210349485 A1;12/7/2022;11385665;;;
;;;EP;;fz.ye;0;;;;011398.00236\EP;;;;Temperature Compensation For An Electronic Thermostat;;;Electronic thermostats are expanding to a higher integration of services that includes, for example, the integration of a home Internet-of-Things (IoT) gateway, local rule control, local machine learning capability, and higher resolution thin-film transistor (TFT) display. However, the required incorporation of higher processing power control units and/or large display typically results in a higher heat dissipation of electronic components, thus increasing the temperature around the components of an electronic thermostat. The system heat dissipation consequently degrades the accuracy of the on-board temperature sensors. An aspect of the embodiments provides a compensation for the temperature rise effect on the printed circuit board (PCB) of the electronic thermostat to obtain better precision and performance. Once the measurements from the temperature sensors have stabilized, the compensated ambient temperature may be used by an associated system (for example, a HVAC system).;Computime Ltd;;;;NG Yau Wai;;CHOI Hung Bun;;CHU Chun Kit;;;;;;;;;;;;;;Banner & Witcoff ;011398.00236\EP;4/5/2021;21800420.8;;;;15/3/2023;EP4147019;;;;;
11398.00235;PAT;;CN;;fz.ye;0;;;;011398.00235\CN;;;;Temperature Compensation for an Electronic Thermostat 用于电子恒温器的温度补偿;;;电子恒温器正向更高的服务集成扩展，该服务集成包括例如家庭物联网(IoT)网关、本地规则控制、本地机器学习能力和更高分辨率的薄膜晶体管(TFT)显示器的集成。然而，对更高处理能力的控制单元和/或大显示器的所需结合通常会导致电子部件的更高的散热，从而增加电子恒温器的部件周围的温度。系统散热因此会降低机载温度传感器的准确性。各实施方案的一方面提供了对电子恒温器的印刷电路板(PCB)上的升温效应的补偿，以获得更好的精度和性能。一旦来自这些温度传感器的测量结果已经稳定，所补偿的环境温度就可以由相关联的系统(例如，HVAC系统)使用。;金宝通有限公司;;;;吴有慧;;蔡鸿彬;;朱俊杰;;;;;;;;;;;;;;北京安信方达知识产权代理有限公司;011398.00235\CN;1/11/2022;2021800324600 ;;;;;CN115605733A;;;;;
11398.00205;;;WO;;fz.ye;1;;;;11398.00235\US;;;;"Temperature compensation for an electronic thermostat
Abstract";;;Electronic thermostats are expanding to a higher integration of services that includes, for example, the integration of a home Internet-of-Things (IoT) gateway, local rule control, local machine learning capability, and higher resolution thin-film transistor (TFT) display. However, the required incorporation of higher processing power control units and/or large display typically results in a higher heat dissipation of electronic components, thus increasing the temperature around the components of an electronic thermostat. The system heat dissipation consequently degrades the accuracy of the on-board temperature sensors. An aspect of the embodiments provides a compensation for the temperature rise effect on the printed circuit board (PCB) of the electronic thermostat to obtain better precision and performance. Once the measurements from the temperature sensors have stabilized, the compensated ambient temperature may be used by an associated system (for example, a HVAC system).;Computime Ltd;;;;NG Yau Wai;;CHOI Hung Bun;;CHU Chun Kit;;;;;;;;;;;;;;Banner & Witcoff ;11398.00235\US;14/6/2024;PCT/US2021/030583;;;;13/1/2023;WO2021226029A1;;;;;
66290227;;;US;;fz.ye;0;11/7/2038;;;011398.00141\US;;;;Temperature Delta Control For A Hydronic Heating/Cooling System;;;A controller assembly controls water flow through individual emitters of a heating/cooling system based on a temperature setpoint and room temperature indicator obtained from an associated thermostat. The controller assembly provides delta temperature room control using a high precision movement actuator fitted with two pipe temperature sensors to power modulate individual radiators, underfloor heating circuits or fan-coils to provide energy efficiency for individual room heating/cooling control. Based on the temperature difference between the room temperature and the setpoint the controller assembly controls water flow through the emitter by adjusting a valve to attain a target temperature delta between the inlet and outlet of the emitter. As the room temperature approaches the setpoint so that the temperature difference decreases, the power output of the emitter is modulated to achieve desirable performance characteristics.;Computime Ltd;;;;SMITH Philip John;;;;;;;;;;;;;;;;;;Banner & Witcoff ;011398.00141\US;25/4/2018;15/962437;;;;31/10/2019;US 20190331349 A1;7/1/2020;10527296;;;
011398.00141;;;EP;;fz.ye;0;25/4/2039;;;011398.00155\EP;;;;Temperature Delta Control for a Hydronic Heating/Cooling System;;;A controller assembly controls water flow through individual emitters of a heating/cooling system based on a temperature setpoint and room temperature indicator obtained from an associated thermostat. The controller assembly provides delta temperature room control using a high precision movement actuator fitted with two pipe temperature sensors to power modulate individual radiators, underfloor heating circuits or fan-coils to provide energy efficiency for individual room heating/cooling control. Based on the temperature difference between the room temperature and the setpoint the controller assembly controls water flow through the emitter by adjusting a valve to attain a target temperature delta between the inlet and outlet of the emitter. As the room temperature approaches the setpoint so that the temperature difference decreases, the power output of the emitter is modulated to achieve desirable performance characteristics.A controller assembly controls water flow through individual emitters of a heating/cooling system based on a temperature setpoint and room temperature indicator obtained from an associated thermostat. The controller assembly provides delta temperature room control using a high precision movement actuator fitted with two pipe temperature sensors to power modulate individual radiators, underfloor heating circuits or fan-coils to provide energy efficiency for individual room heating/cooling control. Based on the temperature difference between the room temperature and the setpoint the controller assembly controls water flow through the emitter by adjusting a valve to attain a target temperature delta between the inlet and outlet of the emitter. As the room temperature approaches the setpoint so that the temperature difference decreases, the power output of the emitter is modulated to achieve desirable performance characteristics.;Computime Ltd;;;;SMITH Philip John;;;;;;;;;;;;;;;;;;Banner & Witcoff ;011398.00155\EP;25/4/2019;19171229.8;;;;30/10/2019;EP3561399;17/8/2022; EP3561399B1;;;
011398.00141;PAT;;CN;;fz.ye;0;24/4/2039;;;011398.00156\CN;;;;Temperature Delta Control for a Hydronic Heating/Cooling System 用于液体循环供暖/致冷系统的温度变化量控制;;;一种控制器组件，其基于从相关联的恒温器获得的温度设定值和室温指示来控制通过供暖/致冷系统的各个发射器的水流。所述控制器组件使用装配有两个管道温度传感器的高精度运动致动器提供变化量温度房间控制来对各个散热器、地板下供暖回路或风机盘管进行功率调制，以为各个房间供暖/致冷控制提供能量效率。基于室温与设定值之间的温度差，所述控制器组件通过调节阀来控制通过发射器的水流，以达到发射器的入口与出口之间的目标温度变化量。随着室温接近设定值以使得温度差减小，调制发射器的功率输出以实现所期望的性能特性。;金宝通电子（深圳）有限公司;;;;SMITH Philip John;;;;;;;;;;;;;;;;;;深圳市惠邦知识产权代理事务所;011398.00156\CN;24/4/2019;2019103353559;;;;1/11/2019;CN110397981A;13/7/2021;2019103353559;;;
011398.00141;;;HK;;fz.ye;0;23/4/2039;;;011398.00174\HK;;;;Temperature Delta Control for a Hydronic Heating/Cooling System 用於液體循環供暖/致冷系統的溫度變化量控制;;;一种控制器组件，其基于从相关联的恒温器获得的温度设定值和室温指示来控制通过供暖/致冷系统的各个发射器的水流。所述控制器组件使用装配有两个管道温度传感器的高精度运动致动器提供变化量温度房间控制来对各个散热器、地板下供暖回路或风机盘管进行功率调制，以为各个房间供暖/致冷控制提供能量效率。基于室温与设定值之间的温度差，所述控制器组件通过调节阀来控制通过发射器的水流，以达到发射器的入口与出口之间的目标温度变化量。随着室温接近设定值以使得温度差减小，调制发射器的功率输出以实现所期望的性能特性。;Computime Ltd;;;;SMITH Philip John;;;;;;;;;;;;;;;;;;HKIPA Limited;011398.00174\HK;28/2/2020;42020003504.6;;;;14/8/2020;HK40013758;18/2/2022;HK40013758;;;
;DSG;;EP;;fz.ye;0;;;;CPT0304-EP;;;;Thermostat;;;;;;;;Michael Lam;;;;;;;;;;;;;;;;;;KASHA LAW LLC;CPT0304-EP;13/2/2024;015050210-0001;;;;;;;;;;
;DSG;;UK;;fz.ye;0;;;;CPT0304-UK;;;;Thermostat;;;;;;;;;;;;;;;;;;;;;;;;;;KASHA LAW LLC;CPT0304-UK;9/2/2024;6345942 ;;;;;;;;;;
;;;US;;fz.ye;0;;;;CPT0304-D;;;;Thermostat ;;;;Computime Ltd;;;;LAM Ching Bo;;;;;;;;;;;;;;;;;;Kasha Law LLC;CPT0304-D;11/8/2023;29/909,826;;;;28/1/2025;USD1059188S1;28/1/2025;D1059188;;;
011398.00059;;;UK;;fz.ye;0;16/10/2029;;;011398.00097\GB;;;;Thermostat status notification through a network;;;The present invention provides apparatuses and computer readable media for obtaining status information from a heating, ventilating, and air conditioning (HVAC) system and sending the status information to a remote networked device using a data container. A thermostat obtains status 5 information from a HVAC system, associates the status information with a corresponding index number, and includes the index number and HVAC information in a data container. The data container can assume different forms, including a customer-defined cluster or a publicly accessible cluster. The HVAC information may be encoded so that the HVAC information can be included as an attribute of the publicly accessible cluster. HVAC information may include relay status of a relay in 10 the HVAC system. The relay is identified by an index number that is included in an attribute. A networked device typically receives the HVAC information from the thermostat in at least one data container.;Computime Ltd;;;;HA Wai-Leung;;LEI Kairy Kai;;QIAN Gordon;;HUANG Hao-Hui;;;;;;;;;;;;Banner & Witcoff ;011398.00097\GB;10/3/2011;"	GB1104075.5";;;;18/7/2012;"	GB2487254";19/11/2014;GB2487254;;;
42106251;;;US;;fz.ye;0;11/5/2029;;;011398.00059\US;;;;Thermostat status notification through a network;;;The present invention provides apparatuses and computer readable media for obtaining status information from a heating, ventilating, and air conditioning (HVAC) system and sending the status information to a remote networked device using a data container. A thermostat obtains status information from a HVAC system, associates the status information with a corresponding index number, and includes the index number and HVAC information in a data container. The data container can assume different forms, including a customer-defined cluster or a publicly accessible cluster. The HVAC information may be encoded so that the HVAC information can be included as an attribute of the publicly accessible cluster. HVAC information may include relay status of a relay in the HVAC system. The relay is identified by an index number that is included in an attribute. A networked device typically receives the HVAC information from the thermostat in at least one data container.;Computime Ltd;;;;HA Wai-Leung;;LEI Kairy Kai;;QIAN Gordon;;HUANG Hao-Hui;;;;;;;;;;;;Banner & Witcoff ;011398.00059\US;17/10/2008;12/253561;;;;22/4/2010;US 20100100358 A1;10/5/2011;7941530;;;
011398.00203;;PRO;US;;fz.ye;0;18/1/2023;;;011398.00203\US;;;;Thermostat with Detachable Dial Control;;;;Computime Ltd;;;;;;;;;;;;;;;;;;;;;;Banner & Witcoff ;011398.00203\US;18/1/2022;63/300323;;;;;;;;;;
"011398.00203
011398.00241";;PRO;EP;;fz.ye;0;;;;011398.00246\EP;;;;Thermostat with Detachable Dial Control;;;A thermostat comprises a detachable dial control unit that may be positioned with an anchoring component. The anchoring component may assume different forms including a wall plate, a wireless recharging dock, or a headless control unit/wall mounted unit that serve different needs of a user. The detachable dial control unit may be removed while still allowing the user to change thermostatic settings of a heating, ventilation, and air conditioning (HVAC) system by rotating an outer ring indicative of thermostatic information and sending the information to a headless control unit/wall mounted unit via a wireless communication channel. To facilitate alignment of the detachable dial control unit with the anchoring component, each may comprise a plurality of alignment magnets having a magnetic polarity pattern. Also, a wireless charging dock and headless control unit/wall mounted unit may recharge the detachable dial control unit via an activated electromagnetic induction path.;Computime Ltd;;;;SHUM Wai Yin;;LAM Kam Yuen;;LAM Ching Bo;;;;;;;;;;;;;;Eisenführ Speiser;011398.00246\EP;1/12/2023;"	23151297.1";;;;12/1/2023;EP4212981B1;14/5/2025;EP4212981B1;;;
 63/300,32;;;EP;;fz.ye;0;;;; 011398.00258\EP;;;;Thermostat with Detachable Dial Control;;;"A wall mounted unit (101) of a thermostat (100) for controlling a heating, ventilation, and air conditioning (HVAC) system, the wall mounted unit (101) configured to: be mounted on a wall, and attach to a detachable dial control unit (102) that is capable of being detached from the wall mounted unit (101) while enabling a user to enter thermostatic information through the detachable dial control unit (102), the wall mounted unit (101) comprising: at least one terminal connector configured to connect to the HVAC system; a first wireless receiver configured to receive, from a first wireless transmitter of the detachable dial control unit (102) via a wireless duplex communication channel, the thermostatic information; a wireless recharging circuit (604) configured to recharge a rechargeable battery of the detachable dial control unit (102) via an electromagnetic induction path (452); and a Hall effect sensor (602) configured to, in response to an activation magnet of the detachable dial control unit (102) being within a predetermined distance from the Hall effect sensor (602), output a signal to initiate an activation of the wireless recharging circuit (604).";Computime Ltd;;;;SHUM Wai Yin ;;LAM Kam Yuen;;HA WL;;LAM Ching Bo;;;;;;;;;;;;Eisenführ Speiser; 011398.00258\EP;1/12/2023;25175991.6;;;;10/1/2025;EP4624818;;;;;
84943488;;PRO;US;;fz.ye;0;;;;011398.00241\US;;;;Thermostat with Detachable Dial Control ;;;A thermostat includes a detachable dial control unit that may be positioned with an anchoring component. The anchoring component may assume different forms including a wall plate, a wireless recharging dock, or a headless control unit/wall mounted unit that serve different needs of a user. The detachable dial control unit may be removed while still allowing the user to change thermostatic settings of a heating, ventilation, and air conditioning (HVAC) system by rotating an outer ring indicative of thermostatic information and sending the information to a headless control unit/wall mounted unit via a wireless communication channel. To facilitate alignment of the detachable dial control unit with the anchoring component, each may include a plurality of alignment magnets having a magnetic polarity pattern. Also, a wireless charging dock and headless control unit/wall mounted unit may recharge the detachable dial control unit via an activated electromagnetic induction path.;Computime Electronics Shenzhen Co Ltd;;;;SHUM Wai Yin  ;;LAM Kam Yuen;;LAM Ching Bo;;;;;;;;;;;;;;Banner & Witcoff ;011398.00241\US;29/12/2022;18/148069;;;;20/7/2023;US 20230228441 A1;30/9/2025;12429242 ;;;
"011398.00203
011398.00241";PAT;PRO;CN;;fz.ye;0;;;;011398.00247\CN;;;;Thermostat with Detachable Dial Control 具有可拆卸的调拨控制的恒温器;;;本申请涉及具有可拆卸的调拨控制的恒温器。一种恒温器包括可拆卸的调拨控制单元，该调拨控制单元可以与锚定部件一起定位。锚定部件可以采用不同的形式，包括壁板、无线充电坞或无显示控制单元/壁装式单元，以满足用户的不同需求。可拆卸的调拨控制单元可以被移除，同时仍然允许用户通过旋转指示恒温信息的外环并经由无线通信信道将信息发送到无显示控制单元/壁装式单元来改变加热、通风和空调(HVAC)系统的恒温设置。为了便于可拆卸的调拨控制单元与锚定部件的对准，各自可以包括具有磁极模式的多个对准磁体。此外，无线充电坞和无显示控制单元/壁装式单元可以经由激活的电磁感应路径对可拆卸的调拨控制单元进行充电。;金宝通电子（深圳）有限公司;;;;岑伟贤;;林锦源;;林青博;;;;;;;;;;;;;;北京安信方达知识产权代理有限公司;011398.00247\CN;17/1/2023;2023100926771 ;;;;;CN116466766A;;;;;
86897418;;;US;;fz.ye;0;25/11/2042;;;11398.00238;;;;Thermostatic Radiator Valve (TRV) Configurable Display;;;A thermostatic radiator valve supports a display that is configurable to display TRV information for a desired viewing direction to facilitate reading by a user, where the TRV comprises a configurable electronic display, a configuration circuit, and a processing device. The configuration circuit is capable of detecting when the TRV has been installed, determining a desired display orientation from a plurality of orientations with respect to a designated surface via a sensor in response to the detecting, and generating a display indicator indicative of the desired display orientation. The processing device is capable of receiving the display indicator and configuring the configurable electronic display to display the TRV information in the desired display orientation.;Computime Ltd;;;;HO Kam Wai Raymond ;;LAM Kam Yuen ;;LI Rui Feng;;LIU Siu Fung;;SETO Fai Keung;;SHUM Wai Yin ;;SO Chi Ming;;;;;;Banner & Witcoff ;11398.00238;15/11/2022;17/987127;;;;29/6/2023;US 20230204242 A1;4/2/2025;12215879;;;
011398.00206;;;WO;;fz.ye;0;;;;011398.00223\WO;;;;Thermostatic Radiator Valve (TRV) Configurable Display;;;;Computime Ltd;;;;;;;;;;;;;;;;;;;;;;Banner & Witcoff ;011398.00223\WO;2/12/2021;PCT/CN21/134950;;;;;;;;;;
;;;EP;;fz.ye;0;;;;011398.00240\EP;;;;Thermostatic Radiator Valve (TRV) Configurable Display;;;A thermostatic radiator valve supports a display that is configurable to display TRV information for a desired viewing direction to facilitate reading by a user, where the TRV comprises a configurable electronic display, a configuration circuit, and a processing device. The configuration circuit is capable of detecting when the TRV has been installed, determining a desired display orientation from a plurality of orientations with respect to a designated surface via a sensor in response to the detecting, and generating a display indicator indicative of the desired display orientation. The processing device is capable of receiving the display indicator and configuring the configurable electronic display to display the TRV information in the desired display orientation.;Computime Ltd;;;;HO Kam Wai ;;LAM Kam Yuen;; LI Rui Feng;; LIU Siu Fung;;SETO Fai Keung;; SHUM Wai Yin;;SO Chi Ming;;;;;;"	Dehns";011398.00240\EP;1/12/2022;"	22210962.1";;;;7/6/2023;"	EP4191362";;;;;
011398.00206;;;CN;;fz.ye;1;;;;011398.00239\CN;;;;Thermostatic Radiator Valve (TRV) Configurable Display 恒温散热器阀（TRV）可配置显示器;;;本发明提供了一种恒温散热器阀，该恒温散热器阀支持可被配置为以期望查看方向显示TRV信息以便于用户读取的显示器，其中该TRV包括可配置电子显示器、配置电路和处理设备。该配置电路能够检测何时安装了该TRV，响应于该检测经由传感器从多个取向中确定相对于指定表面的期望显示取向，并且生成指示该期望显示取向的显示指示符。该处理设备能够接收该显示指示符并将该可配置电子显示器配置为以该期望显示取向显示该TRV信息。;Computime Ltd;;;;何锦威;;林锦源;;李锐锋;;廖少丰;;司徒辉强;;岑伟贤;;苏志明;;;;;;北京安信方达知识产权代理有限公司;011398.00239\CN;4/5/2021;2022115404318;;;;6/6/2023;CN116229847A;;;;;
;;;EP;;fz.ye;0;;;;011398.00250\EP;;;;Transfer Learning Model for Newly Setup Environment;;;A smart thermostatic system is disclosed that applies one or more of a reinforcement and/or adaptive learning model for a new environment with the trained model from another environment so as to initiate status of a thermostatic device. In one example, the thermostatic system uses a pretrained machine learning model that is transferred from a first thermostatic system to a second thermostatic system in a similar sub-environment. Temperature data and other data collected by the thermostatic device is used to fine-tune and train the pretrained model to learn, predict, and better adjust the operation of the thermostatic system.;Computime Ltd;;;;XU Yunjian;;HAO Liang Liang ;;MAO Shuai;; FAN Pak Ming;;CHAN Chi Lung;;HA Wai Leung ;;WONG Chi Shing Raymond;;;;;;Eisenführ Speiser;011398.00250\EP;12/12/2023;23216010.1;;;;19/6/2024;"	EP4386513";;;;;
89222127;;;US;;fz.ye;0;;;;011398.00224\US;;;;Transfer Learning Model for Newly Setup Environment;;;A smart thermostatic system is disclosed that applies one or more of a reinforcement and/or adaptive learning model for a new environment with the trained model from another environment so as to initiate status of a thermostatic device. In one example, the thermostatic system uses a pretrained machine learning model that is transferred from a first thermostatic system to a second thermostatic system in a similar sub-environment. Temperature data and other data collected by the thermostatic device is used to fine-tune and train the pretrained model to learn, predict, and better adjust the operation of the thermostatic system.;Computime Ltd;;;;XU Yunjian;;HAO Liang Liang ;;MAO Shuai;; FAN Pak Ming;;CHAN Chi Lung;;HA Wai Leung ;;WONG Chi Shing Raymond;;;;;;Banner & Witcoff ;011398.00224\US;12/12/2023;18/536538;;;;13/6/2024;20240191898;;;;;
011398.00057;;;UK;;fz.ye;0;2/9/2029;;;011398.00101\GB;;;;Updating firmware with multiple processors;;;Apparatuses, methods, and computer readable media for updating memory containing representations of computer-executable instructions in a processing system are provided. A primary processor receives original sets of computer-readable instructions and updated sets of computer-readable instructions for the processors in processor system from a host system. The sets of computer-readable instructions are stored in memory such as flash memory, where each processor in the system may utilize different sets. The primary processor then initiates updating its firmware with the corresponding updated set. If the update is unsuccessful, the primary processor reverts to the original set and the update process is terminated. Otherwise, the firmware update proceeds to the secondary processor. If the firmware update succeeds, the next secondary processor is updated. Otherwise, all of the updated processors revert to the corresponding original set of computer-readable instructions and the updating process is terminated.;Computime Ltd;;;;HA Wai-Leung;;LEI Kairy Kai;;QIAN Gordon;;;;;;;;;;;;;;Banner & Witcoff ;011398.00101\GB;10/3/2011;GB1104077.1;;;;27/4/2011;GB2474821;20/6/2012;GB2474821;;;
41727214;;;US;;fz.ye;0;12/1/2031;;;011398.00057\US;;;;Updating firmware with multiple processors;;;The present invention provides apparatuses, methods, and computer readable media for updating memory containing representations of computer-executable instructions in a processing system. A primary processor receives original sets of computer-readable instructions and updated sets of computer-readable instructions for the processors in processor system from a host system. The sets of computer-readable instructions are stored in memory (e.g., flash memory), where each processor in the system may utilize different sets. The primary processor then initiates updating its firmware with the corresponding updated set. If the update is unsuccessful, the primary processor reverts to the original set and the update process is terminated. Otherwise, the firmware update proceeds to the secondary processor. If the firmware update succeeds, the next secondary processor is updated. Otherwise, all of the updated processors revert to the corresponding original set of computer-readable instructions and the updating process is terminated.;Computime Ltd;;;;HA Wai-Leung;;LEI Kairy Kai;;QIAN Gordon;;;;;;;;;;;;;;Banner & Witcoff ;011398.00057\US;3/9/2008;12/203503;;;;4/3/2010;US 20100058316 A1;13/3/2012;8136108;;;
011398.00057;;;WO;;fz.ye;1;;;;;;;;Updating Firmware with Multiple Processors;;;Apparatuses, methods, and computer readable media for updating memory containing representations of computer-executable instructions in a processing system are provided. A primary processor receives original sets of computer-readable instructions and updated sets of computer-readable instructions for the processors in processor system from a host system. The sets of computer-readable instructions are stored in memory such as flash memory, where each processor in the system may utilize different sets. The primary processor then initiates updating its firmware with the corresponding updated set. If the update is unsuccessful, the primary processor reverts to the original set and the update process is terminated. Otherwise, the firmware update proceeds to the secondary processor. If the firmware update succeeds, the next secondary processor is updated. Otherwise, all of the updated processors revert to the corresponding original set of computer-readable instructions and the updating process is terminated.;Computime Ltd;;;;HA Wai-Leung;;LEI Kairy Kai;;QIAN Gordon;;;;;;;;;;;;;;;;2/9/2009;PCT/CN2009/073695;;;;11/3/2010;WO2010025669A1;;;;;
011398.00057;;;DE;;fz.ye;0;2/9/2029;;;011398.00100\DE;;;;Updating Firmware with Multiple Processors;Aktualisieren einer Firmware mit mehreren Prozessoren;;"Apparatus comprising: a memory; a second processor; a communication interface; a first processor configured to: receive an initiation request for updating computer readable instructions for the apparatus executable on a plurality of processors including the first processor and the second Having processor; notifying, through the communication interface, a host system of original computer program versions assigned to the plurality of processors, a first original computer program version being assigned to the first processor and a second original computer program version being assigned to the second processor; receiving, through the communication interface, a first original set of computer readable instructions and a first updated set of computer readable instructions associated with the first processor and a second original set of comput readable instructions and a second updated set of computer readable instructions associated with the second processor; storing in memory the first original sentence, the first updated sentence, the second current sentence, and the second updated sentence; initiating an update of the first processor with the first updated set of computer readable instructions from the memory; if the first processor does not update successfully, returning to the first original set of computer readable instructions for the first processor; if the first processor successfully updates with the first updated set of computer readable instructions initiating an update of the second processor with the second updated set of computer readable instructions from the memories; andif the second processor does not update successfully, reverting to the second original set of computer readable instructions for the second processor and returning to the first original set of computer readable instructions for the first processor if the first processor succeeds in the first updated set of updated computer readable instructions.";Computime Ltd;;;;HA Wai-Leung;;LEI Kairy Kai;;QIAN Gordon;;;;;;;;;;;;;;Banner & Witcoff ;011398.00100\DE;3/3/2011;11 2009 002 207.3;;;;23/8/2012;DE112009002207;3/9/2020;DE112009002207B4;;;
41090106;;;US;;fz.ye;0;19/3/2028;;;011398.00117\US;;;;User Action Remote Control;;;The present invention supports the control of a plurality of controlled devices. With three dimensional accelerometer components, detection of a user action on a remote controller and the orientation of the remote controller are viable through small electronic devices. Aspects of the invention are based on the three dimensional accelerometer components to provide a remote controller that can detect the user action. Based on the user action, the remote controller transmits a signal to the controlled device which conveys the corresponding command. A selected controlled device may be matched to the remote controller. The remote controller and controlled device may also support a learning mode, in which the controlled device sends a list of supported commands to the remote controller. The remote controller then matches an associated action with each command in the command list.;Computime Ltd;;;;HA Wai-Leung;;LEI Kairy Kai;;QIAN Gordon;;;;;;;;;;;;;;Banner & Witcoff ;011398.00117\US;6/12/2016;15/370777;;;;4/5/2017;US 20170123515 A1;28/12/2021;11209913;;;
41090106;;;US;;fz.ye;0;3/10/2032;;;011398.00047\US;;;;User Action Remote Control;;;The present invention supports the control of a plurality of controlled devices. With three dimensional accelerometer components, detection of a user action on a remote controller and the orientation of the remote controller are viable through small electronic devices. Aspects of the invention are based on the three dimensional accelerometer components to provide a remote controller that can detect the user action. Based on the user action, the remote controller transmits a signal to the controlled device which conveys the corresponding command. A selected controlled device may be matched to the remote controller. The remote controller and controlled device may also support a learning mode, in which the controlled device sends a list of supported commands to the remote controller. The remote controller then matches an associated action with each command in the command list.;Computime Ltd;;;;HA Wai-Leung;;LEI Kairy Kai;;QIAN Gordon;;;;;;;;;;;;;;Banner & Witcoff ;011398.00047\US;19/3/2008;12/051618;;;;24/9/2009;US 20090241052 A1;6/12/2016;9513718;;;
41090106;;;US;;fz.ye;1;;;;011398.00222\US;;;;User Action Remote Control;;;The present invention supports the control of a plurality of controlled devices. With three dimensional accelerometer components, detection of a user action on a remote controller and the orientation of the remote controller are viable through small electronic devices. Aspects of the invention are based on the three dimensional accelerometer components to provide a remote controller that can detect the user action. Based on the user action, the remote controller transmits a signal to the controlled device which conveys the corresponding command. A selected controlled device may be matched to the remote controller. The remote controller and controlled device may also support a learning mode, in which the controlled device sends a list of supported commands to the remote controller. The remote controller then matches an associated action with each command in the command list.;Computime Ltd;;;;HA Wai-Leung;;LEI Kairy Kai;;QIAN Gordon;;;;;;;;;;;;;;;011398.00222\US;23/11/2021;17/533501;;;;17/3/2022;20220083155;;;;;
96099941;;;US;;fz.ye;0;;;;CPT00008-US;;;;Wireless Communication between HVAC Device and Smart Home System;;;A device in the home is connected to a home control system that includes a control system device in the home and one or more servers outside of the home. A device identifier of a device in a home is discovered using a mobile application of a mobile device when the mobile device is in the home. The device is configured to communicate wirelessly via a first protocol of one or more protocols. The device identifier is sent to a control system device in the home using the mobile application. The device identifier is sent through one or more servers in communication with the control system device using a wireless duplex server communication protocol. A control device identifier and an encryption key of the control system device are sent to the device using the mobile application using the first protocol when the mobile device is in the home.;Computime Ltd;;;;CHAN Chi Lung ;;;;;;;;;;;;;;;;;;Kasha Law LLC;CPT00008-US;25/11/2024;18/958184;;;;2/10/2025;20250305701;;;;;
;UM;;CN;;fz.ye;0;;;;;;;;一种RBC双扭力自动打螺丝机;;;一种RBC双扭力自动打螺丝机;金宝通电子（深圳）有限公司;;;;刘玉波;;梁中伟;;;;;;;;;;;;;;;;深圳市朝闻专利代理事务所(普通合伙);;11/3/2025;2025204111401 ;;;;;CN223833907U;27/1/2026;2025204111401 ;;;
;UM;;CN;;fz.ye;0;;;;;;;;一种便于SPD13自动分板装置;;;一种便于SPD13自动分板装置;金宝通电子（深圳）有限公司;;;;黄晓鹏;;刘玉波;;贺凤冬 ;;邓斌;;;;;;;;;;;;深圳市朝闻专利代理事务所(普通合伙);;5/2/2025;202520180021X;;;;;;;;;;
;UM;;CN;;fz.ye;0;;;;;;;;一种双头自动打螺丝装置;;;一种双头自动打螺丝装置;金宝通电子（深圳）有限公司;;;;刘玉波 ;;梁中伟;;;;;;;;;;;;;;;;深圳市朝闻专利代理事务所(普通合伙);;18/3/2025;2025204735602 ;;;;;;;;;;
;PAT;;CN;;fz.ye;0;;;;;;;;一种可调节的灌溉装置;;;一种可调节的灌溉装置;金宝通电子（深圳）有限公司;;;;梁宋祥;;周鹏;;凌劲松;;屈文义;;;;;;;;;;;;深圳市朝闻专利代理事务所(普通合伙);;11/3/2024;202410273239X;;;;;CN117958117A;;;;;
;PAT;;CN;;fz.ye;0;;;;;;;;一种多头半桥电磁炉功率和温度控制系统及电磁炉;;;一种多头半桥电磁炉功率和温度控制系统及电磁炉;金宝通电子（深圳）有限公司;;;;周建华;;周芳平;;陈泽洪;;屈文义;;武振峰;;卢燕勇;;;;;;;;深圳市朝闻专利代理事务所(普通合伙);;26/6/2025;2025108721482 ;;;;;CN120676488A;;;;;
;UM;;CN;;fz.ye;0;16/11/2026;;;;;;;一种应用于电磁炉控制板的自动测试设备;;;一种应用于电磁炉控制板的自动测试设备;金宝通电子（深圳）有限公司;;;;黄晓鹏;;陈明剑;;刘玉波;;吴斌;;;;;;;;;;;;深圳市朝闻专利代理事务所(普通合伙);;14/10/2024;2024224805590 ;;;;;CN223264309U;26/8/2025;2024224805590 ;;;
;UM;;CN;;fz.ye;0;18/1/2027;;;;;;;一种弹片组装检测机构;;;一种弹片组装检测机构;金宝通电子（深圳）有限公司;;;;黄晓鹏;;刘玉波;;贺凤冬 ;;邓斌;;;;;;;;;;;;深圳市朝闻专利代理事务所(普通合伙);;16/12/2024;2024230919758 ;;;;;CN223571386U;21/11/2025;2024230919758 ;;;
;UM;;CN;;fz.ye;0;;;;;;;;一种旋转式PCB烤箱;;;一种旋转式PCB烤箱;金宝通电子（深圳）有限公司;;;;黄晓鹏;;刘玉波;;李勇;;;;;;;;;;;;;;深圳市朝闻专利代理事务所(普通合伙);;16/12/2024;2024230920083 ;;;;;;;;;;
;UM;;CN;;fz.ye;0;;;;;;;;一种桌面式简易AOI视觉检测设备;;;一种桌面式简易AOI视觉检测设备;金宝通电子（深圳）有限公司;;;;郑天祥 ;;卫红振 ;;彭海波;;;;;;;;;;;;;;深圳市朝闻专利代理事务所(普通合伙);;11/11/2024;2024227332620 ;;;;;;;;;;
;PAT;;CN;;fz.ye;0;;;;;;;;一种模块化的电动车辆充电器外壳系统及连接方法;;;一种模块化的电动车辆充电器外壳系统及连接方法;金宝通电子（深圳）有限公司;;;;岑伟贤;;何志诚;;;;;;;;;;;;;;;;深圳市朝闻专利代理事务所(普通合伙);;19/6/2024;2024107902039 ;;;;;CN118977593A;;;;;
;UM;;CN;;fz.ye;0;;;;;;;;一种洗衣机电路板的功能检测架;;;一种洗衣机电路板的功能检测架;金宝通电子（深圳）有限公司;;;;张玉超 ;;何凤 ;;朱石林;;;;;;;;;;;;;;深圳市朝闻专利代理事务所(普通合伙);;11/2/2025;2025202098690 ;;;;;CN223926565U;17/2/2026;2025202098690 ;;;
;UM;;CN;;fz.ye;0;;;;;;;;一种温控器读数自动采集装置;;;一种温控器读数自动采集装置;金宝通电子（深圳）有限公司;;;;黎致检;;张玉超;;王彪;;;;;;;;;;;;;;深圳市朝闻专利代理事务所(普通合伙);;14/8/2024;2024219622299 ;;;;;;;;;;
;PAT;;CN;;fz.ye;0;;;;;;;;一种灌溉控制器安装结构;;;一种灌溉控制器安装结构;金宝通电子（深圳）有限公司;;;;梁宋祥;;周鹏;;凌劲松;;屈文义;;;;;;;;;;;;深圳市朝闻专利代理事务所(普通合伙);;11/3/2024;2024102731518 ;;;;;CN118215242A;;;;;
;PAT;;CN;;fz.ye;0;;;;;;;;一种用于传送电动汽车充电器可用的实时电流的方法及系统;;;一种用于传送电动汽车充电器可用的实时电流的方法及系统;金宝通电子（深圳）有限公司;;;;张锦添;;陈亮言;;谭沛强;;;;;;;;;;;;;;深圳市朝闻专利代理事务所(普通合伙);;29/7/2024;2024110240058 ;;;;;CN119189777A;;;;;
;UM;;CN;;fz.ye;0;;;;;;;;一种用于生产线上插件质量检测的检测设备;;;一种用于生产线上插件质量检测的检测设备;金宝通电子（深圳）有限公司;;;;郑天祥 ;;卫红振 ;;彭海波;;高峰;;;;;;;;;;;;深圳市朝闻专利代理事务所(普通合伙);;11/11/2024;202422733049X;;;;;;;;;;
;PAT;;CN;;fz.ye;0;;;;;;;;一种用于电动汽车充电器插座的锁定系统及机构;;;一种用于电动汽车充电器插座的锁定系统及机构;金宝通电子（深圳）有限公司;;;;岑伟贤;;何志诚;;;;;;;;;;;;;;;;深圳市朝闻专利代理事务所(普通合伙);;10/2/2025;2025101450047 ;;;;;CN120049240A;;;;;
;PAT;;CN;;fz.ye;0;;;;;;;;一种用于集成室内空调控制器和加热系统恒温器的控制器系统;;;一种用于集成室内空调控制器和加热系统恒温器的控制器系统;金宝通电子（深圳）有限公司;;;;陈志龙 ;;苏志明;;;;;;;;;;;;;;;;深圳市朝闻专利代理事务所(普通合伙);;14/3/2025;2025103011078 ;;;;;CN120313172A;;;;;
;UM;;CN;;fz.ye;0;;;;;;;;一种电动工具电池包组控制板自动测试设备;;;一种电动工具电池包组控制板自动测试设备;金宝通电子（深圳）有限公司;;;;黄晓鹏;;龙远刚;;刘玉波;;贺凤冬;;;;;;;;;;;;深圳市朝闻专利代理事务所(普通合伙);;1/11/2024;2024226591007 ;;;;;;;;;;
;PAT;;CN;;fz.ye;0;;;;;;;;一种电磁炉的功率输出控制系统及方法;;;一种电磁炉的功率输出控制系统及方法;金宝通电子（深圳）有限公司;;;;卢燕勇;;周建华;;周芳平;;屈文义;;丁大波;;;;;;;;;;深圳市朝闻专利代理事务所(普通合伙);;12/7/2024;2024109332260 ;;;;;CN118640500A;;;;;
;PAT;;CN;;fz.ye;0;;;;;;;;一种电磁烹饪器具;;;一种电磁烹饪器具;金宝通电子（深圳）有限公司;;;;武振峰;;屈文义;;何志誠;;周建华;;周芳平;;;;;;;;;;深圳市朝闻专利代理事务所(普通合伙);;18/9/2025;2025113347691 ;;;;;CN121162944A;;;;;
;PAT;;CN;;fz.ye;0;;;;;;;;一种节能型智能灌溉控制器;;;一种节能型智能灌溉控制器;金宝通电子（深圳）有限公司;;;;梁宋祥;;周鹏;;凌劲松;;屈文义;;;;;;;;;;;;深圳市朝闻专利代理事务所(普通合伙);;1/4/2024;2024103845963 ;;;;;CN118235684A;;;;;
;PAT;;CN;;fz.ye;0;;;;;;;;一种通过局域网将无线通信、供暖、通风、空调（HVAC）设备集成到云端互联的智能家居系统中的系统;;;一种通过局域网将无线通信、供暖、通风、空调（HVAC）设备集成到云端互联的智能家居系统中的系统;金宝通电子（深圳）有限公司;;;;陈志龙;;;;;;;;;;;;;;;;;;深圳市朝闻专利代理事务所(普通合伙);;11/3/2025;2025102813620 ;;;;;CN120223454A;;;;;
;UM;;CN;;fz.ye;0;;;;;;;;一种铣刀式自动分板设备;;;一种铣刀式自动分板设备;金宝通电子（深圳）有限公司;;;;黄晓鹏;;刘玉波;;朱妮娜;;;;;;;;;;;;;;深圳市朝闻专利代理事务所(普通合伙);;17/2/2025;202520246784X;;;;;;;;;;
;PAT;;CN;;fz.ye;0;;;;;;;;一种霍尔电流传感器和谐振电容串联的电流检测系统;;;一种霍尔电流传感器和谐振电容串联的电流检测系统;金宝通电子（深圳）有限公司;;;;陈泽洪 ;;屈文义;; 周芳平 ;;周建华;;;;;;;;;;;;深圳市朝闻专利代理事务所(普通合伙);;18/6/2025;2025800009394 ;;;;;;;;;;
;UM;;CN;;fz.ye;0;;;;;;;;三防油恒温供油设备;;;三防油恒温供油设备;金宝通电子（深圳）有限公司;;;;董雄彬;;刘俊彪;;;;;;;;;;;;;;;;深圳市朝闻专利代理事务所(普通合伙);;14/10/2024;2024224807863 ;;;;;;;;;;
;PAT;;CN;;fz.ye;0;;;;;;;;使用按钮提供滑块功能的人机界面及操作方法;;;使用按钮提供滑块功能的人机界面及操作方法;金宝通电子（深圳）有限公司;;;;张锦添;;;;;;;;;;;;;;;;;;深圳市朝闻专利代理事务所(普通合伙);;22/9/2025;2025113541526 ;;;;;CN121364807A;;;;;
;PAT;;CN;;fz.ye;0;;;;;;;;基于相位补偿装置的半桥电磁炉的锅具识别系统及方法;;;基于相位补偿装置的半桥电磁炉的锅具识别系统及方法;金宝通电子（深圳）有限公司;;;;许燕青;;丁大波;;周建华;;;;;;;;;;;;;;深圳市朝闻专利代理事务所(普通合伙);;23/6/2025;2025108429032 ;;;;;CN120762116A;;;;;
;;;CN;;fz.ye;1;;;;;;;;帶狀態檢測功能的射頻轉紅外多功能遙控器及其工作方法 Radio frequency-to-infrared multi-functional remote controller with state detection function and operating method thereof;;;The invention relates to smart home control, in particular to a radio frequency-to-infrared multifunctional remote controller with a state detection function and a working method thereof.;金宝通电子（深圳）有限公司;;;;夏煒樑;;雷凯;;甘国华;;钱三保;;吴昭贤;;;;;;;;;;深圳市惠邦知识产权代理事务所;;5/8/2011;2011102233483;;;;21/12/2011; CN102289927A;;;;;
;DSG;;CN;;fz.ye;0;11/5/2026;;;;;;;恒温器;;;恒温器;金宝通电子（深圳）有限公司;;;;林精宝;;;;;;;;;;;;;;;;;;深圳市朝闻专利代理事务所(普通合伙);;11/4/2024;2024302009293 ;;;;;CN308918817S;1/11/2024;2024302009293 ;;;
;DSG;;CN;;fz.ye;0;12/5/2026;;;;;;;恒温器的对接底座;;;恒温器的对接底座;金宝通电子（深圳）有限公司;;;;林精宝;;;;;;;;;;;;;;;;;;深圳市朝闻专利代理事务所(普通合伙);;12/4/2024;2024302044494 ;;;;;CN308918871S;1/11/2024;2024302044494 ;;;
;UM;;CN;;fz.ye;0;;;;;;;;机械手测试平台;;;机械手测试平台;金宝通电子（深圳）有限公司;;;;郑天祥 ;;卫红振 ;;彭海波;;;;;;;;;;;;;;深圳市朝闻专利代理事务所(普通合伙);;11/11/2024;2024227328697 ;;;;;;;;;;
;UM;;CN;;fz.ye;0;;;;;;;;洗碗机用控制板自动插弹簧设备;;;洗碗机用控制板自动插弹簧设备;金宝通电子（深圳）有限公司;;;;黄晓鹏;;刘玉波;; 高峰 ;;容儒顺;;;;;;;;;;;;深圳市朝闻专利代理事务所(普通合伙);;3/3/2025;2025203522577 ;;;;;;;;;;
;UM;;CN;;fz.ye;0;;;;;;;;洗衣机控制板自动插弹簧机;;;洗衣机控制板自动插弹簧机;金宝通电子（深圳）有限公司;;;;黄晓鹏;;刘玉波;;朱妮娜;;;;;;;;;;;;;;深圳市朝闻专利代理事务所(普通合伙);;5/2/2025;2025201799640 ;;;;;;;;;;
;UM;;CN;;fz.ye;0;;;;;;;;洗衣机控制板自动测试装置;;;洗衣机控制板自动测试装置;金宝通电子（深圳）有限公司;;;;黄晓鹏;;陈明剑;;刘玉波;;朱妮娜;;;;;;;;;;;;深圳市朝闻专利代理事务所(普通合伙);;25/1/2025;2025201685620 ;;;;;;;;;;
;UM;;CN;;fz.ye;0;;;;;;;;点黄胶机取代人工点胶;;;点黄胶机取代人工点胶;金宝通电子（深圳）有限公司;;;;黄晓鹏;;刘俊彪;;贺凤冬 ;;董雄彬;;;;;;;;;;;;深圳市朝闻专利代理事务所(普通合伙);;25/1/2025;2025201684628 ;;;;;;;;;;
011398.00224;;;CN;;fz.ye;1;;;;011398.00233\CN;;;;用于实现家庭计算云的方法和装置;;;一种家庭计算系统(云)集成协议网关、WiFi路由器、云服务器和大容量存储设备以在诸如家庭住宅之类的本地环境中支持可能使用不同的连接协议的一个或多个物联网(IoT)设备。通常，该家庭计算云通过在本地处理收集的设备数据而不是通过将该设备数据发送到公共计算云以进行处理来减少发送到该公共计算云的数据流量的量。该家庭计算云可从该公共计算云下载适当的数据分析模型，在本地训练(例如，强化学习)模型，并在本地执行训练后的模型以从收集的IoT设备数据获得预测信息。该家庭计算云还允许用户应用程序经由互联网通过协议网关和IoT消息转换器直接访问连接的IoT设备。;金宝通有限公司;;;;;;;;;;;;;;;;;;;;;;北京安信方达知识产权代理有限公司;011398.00233\CN;6/4/2021;202180037421X;;;;14/10/2021;CN115918035A;;202180037421X;;;
;DSG;;CN;;fz.ye;0;30/12/2026;;;;;;;电动车充电器;;;电动车充电器;金宝通电子（深圳）有限公司;;;;林精宝;;;;;;;;;;;;;;;;;;深圳市朝闻专利代理事务所(普通合伙);;29/11/2023;2023307877692 ;;;;;CN308701711S;25/6/2024;2023307877692 ;;;
;DSG;;CN;;fz.ye;0;30/3/2026;;;;;;;电动车充电器控制箱;;;电动车充电器控制箱;金宝通电子（深圳）有限公司;;;;林精宝;;;;;;;;;;;;;;;;;;深圳市朝闻专利代理事务所(普通合伙);;29/2/2024;202430101851X;;;;;CN308854876S;24/9/2024;202430101851X;;;
;DSG;;CN;;fz.ye;0;11/5/2026;;;;;;;电动车充电器连接器座;;;电动车充电器连接器座;金宝通电子（深圳）有限公司;;;;林精宝;;;;;;;;;;;;;;;;;;深圳市朝闻专利代理事务所(普通合伙);;11/4/2024;2024302007847 ;;;;;CN308919450S;1/11/2024;2024302007847 ;;;
;UM;;CN;;fz.ye;0;16/11/2026;;;;;;;电磁炉控制板用散热片自动组装设备;;;电磁炉控制板用散热片自动组装设备;金宝通电子（深圳）有限公司;;;;黄晓鹏;;刘玉波;;吴斌;;;;;;;;;;;;;;深圳市朝闻专利代理事务所(普通合伙);;14/10/2024;2024224806875 ;;;;;CN223235559U;19/8/2025;2024224806875 ;;;
;PAT;;CN;;fz.ye;0;;;;;;;;电磁炉谐振电流动态相位跟踪的锅具识别控制系统;;;电磁炉谐振电流动态相位跟踪的锅具识别控制系统;金宝通电子（深圳）有限公司;;;;丁大波;;许燕青;;卢燕勇;;陈泽洪;;周建华;;屈文义;;;;;;;;深圳市朝闻专利代理事务所(普通合伙);;26/6/2025;2025108717345 ;;;;;CN120777597A;;;;;
;UM;;CN;;fz.ye;0;;;;;;;;自动插拔力剪脚机;;;自动插拔力剪脚机;金宝通电子（深圳）有限公司;;;;黄晓鹏;;刘玉波;; 高峰 ;;;;;;;;;;;;;;深圳市朝闻专利代理事务所(普通合伙);;3/3/2025;2025203526050 ;;;;;;;;;;
;PAT;;CN;;fz.ye;1;;;;;;;;调节的加热/冷却系统控制;;;调节的加热/冷却系统控制;金宝通有限公司;;;;菲利普·约翰·史密斯;;;;;;;;;;;;;;;;;;北京安信方达知识产权代理有限公司;;13/2/2020;2020100916757;;;;;CN111678194A;;2020100916757 ;;;
;UM;;CN;;fz.ye;0;;;;;;;;锯片式切割分板装置;;;锯片式切割分板装置;金宝通电子（深圳）有限公司;;;;黄晓鹏;;刘玉波;;贺凤冬 ;;;;;;;;;;;;;;深圳市朝闻专利代理事务所(普通合伙);;25/1/2025;2025201682406 ;;;;;;;;;;
;;;;;;;;;;;;;;;;;;;;;;;;;;;;;;;;;;;;;;;;;;;;;;;;;;;;;
;;;;;;;;;;;;;;;;;;;;;;;;;;;;;;;;;;;;;;;;;;;;;;;;;;;;;
;;;;;;;;;;;;;;;;;;;;;;;;;;;;;;;;;;;;;;;;;;;;;;;;;;;;;
;;;;;;;;;;;;;;;;;;;;;;;;;;;;;;;;;;;;;;;;;;;;;;;;;;;;;
;;;;;;;;;;;;;;;;;;;;;;;;;;;;;;;;;;;;;;;;;;;;;;;;;;;;;
;;;;;;;;;;;;;;;;;;;;;;;;;;;;;;;;;;;;;;;;;;;;;;;;;;;;;
;;;;;;;;;;;;;;;;;;;;;;;;;;;;;;;;;;;;;;;;;;;;;;;;;;;;;
;;;;;;;;;;;;;;;;;;;;;;;;;;;;;;;;;;;;;;;;;;;;;;;;;;;;;
;;;;;;;;;;;;;;;;;;;;;;;;;;;;;;;;;;;;;;;;;;;;;;;;;;;;;
;;;;;;;;;;;;;;;;;;;;;;;;;;;;;;;;;;;;;;;;;;;;;;;;;;;;;
;;;;;;;;;;;;;;;;;;;;;;;;;;;;;;;;;;;;;;;;;;;;;;;;;;;;;
;;;;;;;;;;;;;;;;;;;;;;;;;;;;;;;;;;;;;;;;;;;;;;;;;;;;;
;;;;;;;;;;;;;;;;;;;;;;;;;;;;;;;;;;;;;;;;;;;;;;;;;;;;;
;;;;;;;;;;;;;;;;;;;;;;;;;;;;;;;;;;;;;;;;;;;;;;;;;;;;;
;;;;;;;;;;;;;;;;;;;;;;;;;;;;;;;;;;;;;;;;;;;;;;;;;;;;;
;;;;;;;;;;;;;;;;;;;;;;;;;;;;;;;;;;;;;;;;;;;;;;;;;;;;;
;;;;;;;;;;;;;;;;;;;;;;;;;;;;;;;;;;;;;;;;;;;;;;;;;;;;;
